field.frameNumber,field.x_m,field.y_m,field.z_m
650080,0.602688425240639,0.318792231651337,6.53E-05
650081,0.602679958694904,0.318800060065151,6.53E-05
650082,0.602663519136758,0.318817188973824,6.53E-05
650083,0.602649228451914,0.318826255065083,6.53E-05
650084,0.602627226302414,0.318845416263714,6.53E-05
650085,0.602603397932068,0.318857910995765,6.53E-05
650086,0.602582547402355,0.318868770711617,6.53E-05
650087,0.602571682309426,0.31888758077656,6.53E-05
650088,0.60254680886808,0.318892700134219,6.53E-05
650089,0.602522983913768,0.318905908727197,6.53E-05
650090,0.60249572915073,0.318911060530931,6.53E-05
650091,0.602480740838528,0.318914280371102,6.53E-05
650092,0.602459287733797,0.318922201058637,6.53E-05
650093,0.602428770012363,0.318934864439747,6.53E-05
650094,0.602400706836449,0.318945441592942,6.53E-05
650095,0.602371904392275,0.318951313038639,6.53E-05
650096,0.602349928998918,0.318959427148244,6.53E-05
650097,0.602325945881672,0.318972584663087,6.53E-05
650098,0.602292751844962,0.318978368192382,6.53E-05
650099,0.602259888487889,0.318988306838485,6.54E-05
650100,0.602239612323307,0.318991471214761,6.54E-05
650101,0.602212315475672,0.319001709755888,6.54E-05
650102,0.602194283061063,0.319008662720624,6.54E-05
650103,0.602165741266054,0.319013879954598,6.54E-05
650104,0.602142758398865,0.319018247671339,6.54E-05
650105,0.602117519412393,0.319030446253864,6.54E-05
650106,0.602098665384556,0.319020522995074,6.54E-05
650107,0.602076577556255,0.319032583593155,6.54E-05
650108,0.602059303497873,0.319037251474367,6.54E-05
650109,0.60204382063739,0.319046878189442,6.54E-05
650110,0.602021802318069,0.319057790691712,6.54E-05
650111,0.602005007837425,0.319057504752277,6.54E-05
650112,0.601993531175634,0.319056598712283,6.54E-05
650113,0.601979074549201,0.319065761976402,6.54E-05
650114,0.60195557994051,0.319075523424207,6.54E-05
650115,0.60193630765797,0.31907913568392,6.54E-05
650116,0.60193361505203,0.319082900775792,6.54E-05
650117,0.601933074449437,0.319081056944371,6.54E-05
650118,0.601918562486865,0.319085040631754,6.54E-05
650119,0.601915475088326,0.319087695639323,6.54E-05
650120,0.601908180594558,0.319089126310215,6.54E-05
650121,0.601900293266346,0.319093035629389,6.54E-05
650122,0.601894219219598,0.319098946063308,6.54E-05
650123,0.601892032897327,0.319105819801707,6.54E-05
650124,0.601880995045847,0.319111903705386,6.54E-05
650125,0.601871972562171,0.319113362400734,6.54E-05
650126,0.60186844731182,0.319114721468226,6.54E-05
650127,0.6018596156768,0.319121946076859,6.54E-05
650128,0.601854883846878,0.319125760896696,6.54E-05
650129,0.601843373312261,0.31913481832938,6.54E-05
650130,0.601839308973053,0.319140646591975,6.54E-05
650131,0.601833771142072,0.319149332373219,6.54E-05
650132,0.601824689463931,0.319151984634763,6.54E-05
650133,0.601824763993595,0.319152767640222,6.54E-05
650134,0.60181166920521,0.319159903865973,6.54E-05
650135,0.601805990364338,0.319160181494537,6.54E-05
650136,0.601803641146724,0.319167010763433,6.54E-05
650137,0.601800978705921,0.319179164399157,6.54E-05
650138,0.601793255859039,0.319176060008374,6.54E-05
650139,0.601797395280111,0.319182649464653,6.54E-05
650140,0.601792470772481,0.319186531548151,6.54E-05
650141,0.601802263195052,0.319186920938274,6.54E-05
650142,0.601802981117403,0.31918652853071,6.54E-05
650143,0.601812620499359,0.319187444979954,6.54E-05
650144,0.601810399207328,0.319188378123818,6.54E-05
650145,0.601822933798512,0.319192722578915,6.54E-05
650146,0.601825354334952,0.319189346049408,6.54E-05
650147,0.601831938821706,0.31919616576254,6.54E-05
650148,0.601841149636929,0.319187935480977,6.54E-05
650149,0.601854594883563,0.319190770518308,6.54E-05
650150,0.601853588695865,0.319189176694659,6.54E-05
650151,0.601861104207724,0.319181341277229,6.54E-05
650152,0.601868808916714,0.319179990086389,6.54E-05
650153,0.601876870834896,0.31917353536607,6.54E-05
650154,0.601881915221889,0.319171400100873,6.54E-05
650155,0.601895209740069,0.319162882719771,6.54E-05
650156,0.601897240932068,0.319157433349141,6.54E-05
650157,0.601905772069523,0.319157266217602,6.54E-05
650158,0.601908146074902,0.319158638246516,6.54E-05
650159,0.601910900680253,0.319157045083755,6.54E-05
650160,0.601917512790257,0.31914754790262,6.54E-05
650161,0.601932286949242,0.319152837329489,6.54E-05
650162,0.601935388248228,0.319152564386855,6.54E-05
650163,0.60193626484097,0.319156332748936,6.54E-05
650164,0.601942479041183,0.319155155592927,6.54E-05
650165,0.601939733222207,0.319152166776675,6.54E-05
650166,0.601936651209058,0.319147416567447,6.54E-05
650167,0.601936176639294,0.319150624260545,6.54E-05
650168,0.601932679560442,0.319155104112175,6.54E-05
650169,0.601936780426917,0.31915834051519,6.54E-05
650170,0.601937544583212,0.319161089624918,6.54E-05
650171,0.601930547360238,0.319171284199054,6.54E-05
650172,0.601928237490294,0.319180248640148,6.54E-05
650173,0.601933417454109,0.319182507249154,6.54E-05
650174,0.601942363551298,0.319192587321901,6.54E-05
650175,0.601933003780708,0.319198520837114,6.54E-05
650176,0.601934758950188,0.319205386564281,6.54E-05
650177,0.601939045827376,0.319208510249847,6.54E-05
650178,0.601941123098829,0.319217700550804,6.54E-05
650179,0.601931677462629,0.319229612837812,6.54E-05
650180,0.601932832890585,0.319246275500119,6.55E-05
650181,0.601934309469599,0.319252394750647,6.55E-05
650182,0.601932821073308,0.319266823322009,6.55E-05
650183,0.601931661674168,0.319279858533724,6.55E-05
650184,0.601929443584938,0.319298984585326,6.55E-05
650185,0.601927847935959,0.319306640890235,6.55E-05
650186,0.601926976511398,0.319320430929382,6.55E-05
650187,0.601926160753312,0.319332228679436,6.55E-05
650188,0.601922434026456,0.319351004442459,6.55E-05
650189,0.601920882741039,0.319356792571365,6.55E-05
650190,0.601917642099039,0.319380889992556,6.55E-05
650191,0.601911619631199,0.319393256967299,6.55E-05
650192,0.60190445777511,0.319409287168921,6.55E-05
650193,0.601908421345281,0.31942688794868,6.55E-05
650194,0.601897833380185,0.319447114141352,6.55E-05
650195,0.601887790560522,0.319463546492716,6.55E-05
650196,0.601877240456976,0.319480278794947,6.55E-05
650197,0.601742020391815,0.319478135108837,6.55E-05
650198,0.601735990886533,0.319493445422698,6.55E-05
650199,0.60173330611579,0.319508167459928,6.55E-05
650200,0.601722132599676,0.319519960190528,6.55E-05
650201,0.601714576838159,0.319539058110313,6.56E-05
650202,0.60170908393199,0.319557837273351,6.56E-05
650203,0.60169762541627,0.319578384092669,6.56E-05
650204,0.601688715213092,0.319594167620688,6.56E-05
650205,0.601688648766859,0.319612849037111,6.56E-05
650206,0.601674488771302,0.319622757984181,6.56E-05
650207,0.601671031251027,0.319645188794233,6.56E-05
650208,0.601667276717698,0.319646893312053,6.56E-05
650209,0.601670698312448,0.319666551943547,6.56E-05
650210,0.601661291676577,0.319679217998764,6.56E-05
650211,0.601663915290092,0.319695385585469,6.56E-05
650212,0.601671605812168,0.319701386590588,6.56E-05
650213,0.601656537883936,0.319721092094829,6.56E-05
650214,0.601657647848414,0.319733523407487,6.56E-05
650215,0.601654512985042,0.319744389645743,6.56E-05
650216,0.601659444153985,0.319766152188204,6.56E-05
650217,0.601663741020249,0.319776607657329,6.56E-05
650218,0.601667044935928,0.319796002131905,6.56E-05
650219,0.601656844771922,0.319816170242091,6.56E-05
650220,0.601655603029064,0.319829840002843,6.56E-05
650221,0.601666346341127,0.319847411069687,6.57E-05
650222,0.601666485905146,0.319860710769097,6.57E-05
650223,0.601677693877531,0.319879201652588,6.57E-05
650224,0.601681591298724,0.319903821828075,6.57E-05
650225,0.601686525692055,0.319922745353322,6.57E-05
650226,0.601697114271008,0.319943020021726,6.57E-05
650227,0.601706852517593,0.319960854607211,6.57E-05
650228,0.601708097581427,0.319989332540321,6.57E-05
650229,0.601715054956011,0.319998370058976,6.57E-05
650230,0.601719020458291,0.320020095825545,6.57E-05
650231,0.601723034323343,0.320040460231022,6.57E-05
650232,0.601715849939724,0.32005416638933,6.57E-05
650233,0.601717496007522,0.320071817457218,6.57E-05
650234,0.601717607987268,0.320093749336124,6.57E-05
650235,0.601714235208887,0.320110924869686,6.57E-05
650236,0.601712841151181,0.32012856710582,6.57E-05
650237,0.601715529438945,0.320143070069032,6.57E-05
650238,0.601712086574167,0.320162581653258,6.57E-05
650239,0.6017137583394,0.32018159838136,6.58E-05
650240,0.601704321943994,0.3201944892795,6.58E-05
650241,0.601702212366316,0.320206018841111,6.58E-05
650242,0.601701910059748,0.320223620181849,6.58E-05
650243,0.601704997995631,0.32023253628858,6.58E-05
650244,0.601703268639423,0.320230715626592,6.58E-05
650245,0.601707038796979,0.320240693191129,6.58E-05
650246,0.601701055780511,0.320248566649624,6.58E-05
650247,0.601704230374676,0.320253537959095,6.58E-05
650248,0.601704229920486,0.320264317153698,6.58E-05
650249,0.601706727618078,0.320266988246715,6.58E-05
650250,0.601713566457052,0.320257155347122,6.58E-05
650251,0.601719630079626,0.320268446040067,6.58E-05
650252,0.601715674806334,0.320268385912882,6.58E-05
650253,0.601710271447973,0.32025696690137,6.58E-05
650254,0.601711425559598,0.320251681879284,6.58E-05
650255,0.601708297297331,0.320254658692631,6.58E-05
650256,0.601705934237736,0.32024914271235,6.58E-05
650257,0.601699498909745,0.320248759517598,6.58E-05
650258,0.601697354043928,0.320241692709545,6.58E-05
650259,0.601696259261257,0.320237356540158,6.58E-05
650260,0.601696928595737,0.320237266417788,6.58E-05
650261,0.601691778325922,0.320228038248218,6.58E-05
650262,0.601688434379509,0.320220204927943,6.58E-05
650263,0.6016926140093,0.320216542456593,6.58E-05
650264,0.601690722308335,0.32021438936826,6.58E-05
650265,0.601686445098914,0.320207917018626,6.58E-05
650266,0.601680894981755,0.320200971938958,6.58E-05
650267,0.601681738211107,0.320198142993201,6.58E-05
650268,0.601674138308118,0.320194252371453,6.58E-05
650269,0.601676667523633,0.320191960113736,6.58E-05
650270,0.601672206463327,0.320187216037566,6.58E-05
650271,0.601669066522239,0.320188348071642,6.58E-05
650272,0.601676323620992,0.320175497003445,6.58E-05
650273,0.601683613523255,0.320167866510384,6.58E-05
650274,0.601689602915586,0.320158494447875,6.57E-05
650275,0.60168668113951,0.320150312537352,6.57E-05
650276,0.601690769394854,0.320141093104639,6.57E-05
650277,0.601691644939105,0.320137346665903,6.57E-05
650278,0.601701398951769,0.320131195903412,6.57E-05
650279,0.601699862470364,0.3201152154252,6.57E-05
650280,0.601701689557457,0.320111519827906,6.57E-05
650281,0.601699722474555,0.320101579569566,6.57E-05
650282,0.601695866081511,0.320094999570709,6.57E-05
650283,0.601701070051042,0.32008445338749,6.57E-05
650284,0.601695268418567,0.320075887526911,6.57E-05
650285,0.601686306721594,0.320072314220193,6.57E-05
650286,0.601685037333696,0.320061885631717,6.57E-05
650287,0.601690659407527,0.320048762119951,6.57E-05
650288,0.60169031170647,0.320049541399039,6.57E-05
650289,0.601680409225854,0.320040657860665,6.57E-05
650290,0.601687444429848,0.320041596648641,6.57E-05
650291,0.601685076989784,0.320033963728438,6.57E-05
650292,0.601677718800887,0.320025609968019,6.57E-05
650293,0.601676805539375,0.320017371602443,6.57E-05
650294,0.601682135982438,0.320011964547265,6.57E-05
650295,0.601668876820984,0.320003369804934,6.57E-05
650296,0.601670727104397,0.320004236473092,6.57E-05
650297,0.601667706780937,0.319993663912704,6.57E-05
650298,0.601662966707857,0.319987430363159,6.57E-05
650299,0.601667420656541,0.319979371769684,6.57E-05
650300,0.601654552959436,0.319975305038408,6.57E-05
650301,0.601660018843716,0.319973644772862,6.57E-05
650302,0.60165249416495,0.319966203822223,6.57E-05
650303,0.601655969317581,0.319958280304104,6.57E-05
650304,0.601644247765137,0.319962230067338,6.57E-05
650305,0.601644156126071,0.319955513371719,6.57E-05
650306,0.601640544507284,0.319947461905989,6.57E-05
650307,0.601634943507488,0.319940663250221,6.57E-05
650308,0.601628170588794,0.319940090589769,6.57E-05
650309,0.601621026493082,0.319939484976044,6.57E-05
650310,0.601617935471404,0.319937479923838,6.57E-05
650311,0.601615350357463,0.31994370763645,6.57E-05
650312,0.601614651215812,0.319932894712968,6.57E-05
650313,0.601612581794522,0.319930425240128,6.57E-05
650314,0.601607636315797,0.319933372740532,6.57E-05
650315,0.601609065351541,0.31993042531848,6.57E-05
650316,0.601611102546476,0.319927070435852,6.57E-05
650317,0.601614732398414,0.319924882283368,6.57E-05
650318,0.601611564967065,0.319918516664589,6.57E-05
650319,0.601616531053323,0.319914773495566,6.57E-05
650320,0.601615403103669,0.319911518155883,6.57E-05
650321,0.601621292243117,0.319902022886332,6.57E-05
650322,0.601614929178211,0.319903685482993,6.57E-05
650323,0.60161512828411,0.319890955056261,6.57E-05
650324,0.601612332682501,0.31989305880656,6.57E-05
650325,0.601617042663244,0.319887961520772,6.57E-05
650326,0.601615636489744,0.319887696679076,6.57E-05
650327,0.601610842938625,0.319883257394965,6.57E-05
650328,0.601601614197151,0.319876447512859,6.57E-05
650329,0.601601893945287,0.319869691531743,6.57E-05
650330,0.601600693336772,0.319868390538639,6.57E-05
650331,0.601593561414507,0.319869792881001,6.57E-05
650332,0.601597337574746,0.319866857007176,6.57E-05
650333,0.601591320761201,0.3198724500004,6.57E-05
650334,0.601593340916604,0.319866216493249,6.57E-05
650335,0.601602143786385,0.319869452513577,6.57E-05
650336,0.601601630531796,0.3198711539785,6.57E-05
650337,0.601605184307387,0.319866540333462,6.57E-05
650338,0.601612761143774,0.319874322551981,6.57E-05
650339,0.601614189044221,0.319875025950606,6.57E-05
650340,0.601619373157602,0.319885154636338,6.57E-05
650341,0.601621341348498,0.319883801472839,6.57E-05
650342,0.601629965623676,0.319885244039022,6.57E-05
650343,0.601630680499171,0.319884567713154,6.57E-05
650344,0.601635418127792,0.31989326302558,6.57E-05
650345,0.601641906778812,0.31989474318118,6.57E-05
650346,0.601652966968515,0.319900473098202,6.57E-05
650347,0.601666339831492,0.319901861657827,6.57E-05
650348,0.601672059852569,0.319898254059656,6.57E-05
650349,0.60168215581041,0.319899050293521,6.57E-05
650350,0.601685131360782,0.319900907234289,6.57E-05
650351,0.601703550329927,0.319901667859174,6.57E-05
650352,0.601712769760036,0.319904698055003,6.57E-05
650353,0.60172216000738,0.319916236606074,6.57E-05
650354,0.60172616148873,0.319917238452768,6.57E-05
650355,0.601740679977959,0.319921322763105,6.57E-05
650356,0.601756338118185,0.319918343374596,6.57E-05
650357,0.601763749903352,0.319921691193027,6.57E-05
650358,0.601783359160961,0.319912688370732,6.57E-05
650359,0.601778852438702,0.319925060247373,6.57E-05
650360,0.60180117110754,0.319918877954239,6.57E-05
650361,0.60180422528201,0.319925243985817,6.57E-05
650362,0.601819684296274,0.319924413315814,6.57E-05
650363,0.601825649095778,0.319922200350602,6.57E-05
650364,0.601830726853272,0.319924090838282,6.57E-05
650365,0.601847289792733,0.319933869685887,6.57E-05
650366,0.601852966381192,0.31992557108883,6.57E-05
650367,0.601857697909232,0.319926691385294,6.57E-05
650368,0.601866503014638,0.319933821093059,6.57E-05
650369,0.601879729088215,0.319932773670024,6.57E-05
650370,0.601889723581762,0.319936175475706,6.57E-05
650371,0.60189877070211,0.319931927817813,6.57E-05
650372,0.601897922133035,0.319927725991566,6.57E-05
650373,0.601907475240819,0.319929588896795,6.57E-05
650374,0.601915278383058,0.319932380794449,6.57E-05
650375,0.601903070746478,0.319930955330823,6.57E-05
650376,0.601916258097248,0.319934283395397,6.57E-05
650377,0.601921235197906,0.319927386524538,6.57E-05
650378,0.601928318689711,0.319921201650659,6.57E-05
650379,0.601923225181046,0.319923557469895,6.57E-05
650380,0.601932138413061,0.319926655512977,6.57E-05
650381,0.60192891659137,0.31992716180102,6.57E-05
650382,0.601940333663163,0.319920364938316,6.57E-05
650383,0.601939538723291,0.319927131465265,6.57E-05
650384,0.601933731182674,0.319922055851083,6.57E-05
650385,0.601934127950889,0.319929535110572,6.57E-05
650386,0.601931028587438,0.319927038658504,6.57E-05
650387,0.60192672590506,0.319926271879537,6.57E-05
650388,0.601926239163906,0.319929893778638,6.57E-05
650389,0.601919820326147,0.319920407660647,6.57E-05
650390,0.601916755147297,0.319933496866747,6.57E-05
650391,0.601908658447935,0.319935583674013,6.57E-05
650392,0.601903027376293,0.319930613664891,6.57E-05
650393,0.601897667502009,0.319930884386456,6.57E-05
650394,0.60189575139553,0.31992280075853,6.57E-05
650395,0.601887360790728,0.319930062117736,6.57E-05
650396,0.601876594004392,0.319933211982575,6.57E-05
650397,0.601869352036095,0.319941831824558,6.57E-05
650398,0.601858524019033,0.319940702547336,6.57E-05
650399,0.601845898607367,0.319946812779227,6.57E-05
650400,0.601842408251588,0.31994911546863,6.57E-05
650401,0.601823914553711,0.319945338698771,6.57E-05
650402,0.601818950474328,0.319948585050806,6.57E-05
650403,0.601798208049573,0.319954405776447,6.57E-05
650404,0.601789604629351,0.319964200585882,6.57E-05
650405,0.60177579624065,0.319960484174738,6.57E-05
650406,0.6017591949967,0.319964970243368,6.57E-05
650407,0.601752800730046,0.319966704059179,6.57E-05
650408,0.601735719691201,0.319974754151218,6.57E-05
650409,0.60172028675682,0.319975987083597,6.57E-05
650410,0.601712228435664,0.31997932878048,6.57E-05
650411,0.601700783132156,0.319976151778683,6.57E-05
650412,0.60169264694749,0.319983929867892,6.57E-05
650413,0.601689402013672,0.319983165423283,6.57E-05
650414,0.60167981234278,0.319981093906066,6.57E-05
650415,0.601673060964183,0.319985858000082,6.57E-05
650416,0.601668241573199,0.31998611913,6.57E-05
650417,0.601672035501755,0.319987514802782,6.57E-05
650418,0.601663744513676,0.319992293590898,6.57E-05
650419,0.601663291781752,0.319978024662587,6.57E-05
650420,0.601657334629044,0.31997753864955,6.57E-05
650421,0.601652429328997,0.319975557438581,6.57E-05
650422,0.601646972096289,0.319978653974836,6.57E-05
650423,0.60164964698898,0.319966809000281,6.57E-05
650424,0.601650020438621,0.319964710216238,6.57E-05
650425,0.60165555714203,0.319954944051591,6.57E-05
650426,0.601644488547809,0.319960471820208,6.57E-05
650427,0.601650438312603,0.319957274044913,6.57E-05
650428,0.601654932403396,0.319952148396455,6.57E-05
650429,0.601659556118299,0.319951217503643,6.57E-05
650430,0.601667145200234,0.319941853121086,6.57E-05
650431,0.601674947140978,0.319940664333378,6.57E-05
650432,0.60168572407244,0.319926107312605,6.57E-05
650433,0.601690468612174,0.319923026093726,6.57E-05
650434,0.601696241632923,0.319925585457868,6.57E-05
650435,0.601707123694165,0.319918111518013,6.57E-05
650436,0.601723061452176,0.319907315746075,6.57E-05
650437,0.601728104177751,0.319907453850064,6.57E-05
650438,0.601747116193904,0.319894253954823,6.57E-05
650439,0.601763722383543,0.319886957293117,6.57E-05
650440,0.60177717861479,0.319874421745242,6.57E-05
650441,0.601793413710329,0.319872358577522,6.57E-05
650442,0.60179675534613,0.319868995008478,6.57E-05
650443,0.601805763290771,0.319863941802327,6.57E-05
650444,0.601832262685131,0.319857690361011,6.56E-05
650445,0.601847725786348,0.319855995298747,6.56E-05
650446,0.601858883816512,0.319854315724253,6.56E-05
650447,0.601863407718111,0.319846042777741,6.56E-05
650448,0.601880153705632,0.319842966649738,6.56E-05
650449,0.601894481152878,0.319833172349455,6.56E-05
650450,0.601913327166232,0.319830617950696,6.56E-05
650451,0.601931065605159,0.319824040009832,6.56E-05
650452,0.601935767628417,0.319832619794644,6.56E-05
650453,0.601943506844782,0.319827215569163,6.56E-05
650454,0.60195757671206,0.3198214498708,6.56E-05
650455,0.6019665895591,0.319821632398237,6.56E-05
650456,0.601984184890057,0.319814736172139,6.56E-05
650457,0.601986293126655,0.319816064472161,6.56E-05
650458,0.60199406862239,0.319819938404757,6.56E-05
650459,0.601999655167709,0.319829660973205,6.56E-05
650460,0.602006289708072,0.319827376465767,6.56E-05
650461,0.602012751268895,0.319833766389286,6.56E-05
650462,0.602011204961052,0.319833172524671,6.56E-05
650463,0.602017920313481,0.319832602948992,6.56E-05
650464,0.602023703782328,0.319838889697293,6.56E-05
650465,0.602025120353544,0.319845924080052,6.56E-05
650466,0.60202855444172,0.319867419864386,6.56E-05
650467,0.602023401352873,0.319864291140528,6.56E-05
650468,0.602030985056721,0.319873543571883,6.56E-05
650469,0.602023022950979,0.319888896864708,6.56E-05
650470,0.602028353688048,0.319895660499754,6.56E-05
650471,0.602019718761272,0.319905385244612,6.57E-05
650472,0.602012601004172,0.319916699444473,6.57E-05
650473,0.602013805369458,0.319924295867423,6.57E-05
650474,0.602007049516464,0.31995033155476,6.57E-05
650475,0.60199472577431,0.319961601728859,6.57E-05
650476,0.6019812205944,0.319978549257458,6.57E-05
650477,0.601978447635731,0.319986501694705,6.57E-05
650478,0.601968052233298,0.320009263702973,6.57E-05
650479,0.601956150092799,0.320008484317236,6.57E-05
650480,0.601942397085335,0.320035922496772,6.57E-05
650481,0.601935746747113,0.320048903830681,6.57E-05
650482,0.601933427686342,0.320062204545336,6.57E-05
650483,0.601913580551214,0.320078511684304,6.57E-05
650484,0.601911486166616,0.32008804607272,6.57E-05
650485,0.601902806560892,0.320092649294409,6.57E-05
650486,0.601884436949642,0.320112660002842,6.57E-05
650487,0.601872901760217,0.320121267699526,6.57E-05
650488,0.601869508239354,0.320130640579416,6.57E-05
650489,0.601853531137899,0.320137054308766,6.57E-05
650490,0.601849125517429,0.320146234000817,6.57E-05
650491,0.601844722114642,0.320156592365479,6.57E-05
650492,0.60183494098878,0.32015395594784,6.57E-05
650493,0.601823871711766,0.320165245025296,6.57E-05
650494,0.601815852288214,0.320175310691671,6.57E-05
650495,0.60180287241251,0.320178158989033,6.57E-05
650496,0.601797855236865,0.320177826047271,6.57E-05
650497,0.601797042956725,0.320178212273093,6.57E-05
650498,0.601791786723724,0.320179832314608,6.57E-05
650499,0.601787894006688,0.320184872224573,6.58E-05
650500,0.601782258880894,0.320183819599867,6.58E-05
650501,0.601786900891208,0.320178787053156,6.57E-05
650502,0.601778571577505,0.320176844505763,6.57E-05
650503,0.601784736312582,0.320172559423084,6.57E-05
650504,0.601778520053252,0.320176773218178,6.57E-05
650505,0.601778140225408,0.320173358991111,6.57E-05
650506,0.601775759381043,0.320179035864068,6.57E-05
650507,0.601781760618539,0.320174596439989,6.57E-05
650508,0.601782988959248,0.320164489585727,6.57E-05
650509,0.601786178728543,0.320151817225106,6.57E-05
650510,0.601796597922634,0.320141572571225,6.57E-05
650511,0.601797850144854,0.320134619130463,6.57E-05
650512,0.601800751254717,0.320126763539406,6.57E-05
650513,0.601810271871063,0.320119702654286,6.57E-05
650514,0.601809640091672,0.320111577411942,6.57E-05
650515,0.601824848929401,0.320105276346389,6.57E-05
650516,0.601825569687743,0.32009586497941,6.57E-05
650517,0.601842024323123,0.320079947039795,6.57E-05
650518,0.601845407954061,0.320069241013832,6.57E-05
650519,0.601846828149134,0.320061211110404,6.57E-05
650520,0.601861394541913,0.320043102794433,6.57E-05
650521,0.601871408022634,0.320033146156035,6.57E-05
650522,0.601873863351222,0.320025541313871,6.57E-05
650523,0.601880317278837,0.320016334908165,6.57E-05
650524,0.60187842131875,0.320013338783415,6.57E-05
650525,0.601888436609746,0.320001780259512,6.57E-05
650526,0.601900238276456,0.319991677475257,6.57E-05
650527,0.601907837933594,0.319981809949028,6.57E-05
650528,0.601916046436768,0.319972572691355,6.57E-05
650529,0.601911813569339,0.319970302702609,6.57E-05
650530,0.601917739858064,0.319967617187623,6.57E-05
650531,0.601922615411241,0.319962438754268,6.57E-05
650532,0.601929271417401,0.319951729577353,6.57E-05
650533,0.601938343009719,0.319938908956052,6.57E-05
650534,0.601931827678814,0.319944002943439,6.57E-05
650535,0.601945310549343,0.319931140053638,6.57E-05
650536,0.601949190852812,0.319928381110122,6.57E-05
650537,0.601953944944806,0.319926431519715,6.57E-05
650538,0.601959529244244,0.319926240267386,6.57E-05
650539,0.601960750316804,0.31992838553373,6.57E-05
650540,0.601970356529903,0.319929711198861,6.57E-05
650541,0.601979221816759,0.319926740226474,6.57E-05
650542,0.601982834566088,0.319929532699366,6.57E-05
650543,0.601988366873951,0.319927592445793,6.57E-05
650544,0.601986193962971,0.319926206204298,6.57E-05
650545,0.601989878309836,0.31992606057579,6.57E-05
650546,0.601991189382821,0.319925297433171,6.57E-05
650547,0.601994558175682,0.319929705605172,6.57E-05
650548,0.601999084292349,0.319926764611082,6.57E-05
650549,0.602000448052541,0.319923226867605,6.57E-05
650550,0.602004780072251,0.319930668902705,6.57E-05
650551,0.6020116204846,0.319930507728497,6.57E-05
650552,0.602011857809724,0.31992518935211,6.57E-05
650553,0.60200913237078,0.319939571908054,6.57E-05
650554,0.602013411155121,0.31994138704747,6.57E-05
650555,0.602011805490839,0.319948194388284,6.57E-05
650556,0.602018016097008,0.319951155869405,6.57E-05
650557,0.602015854604818,0.319952250260676,6.57E-05
650558,0.602025117963965,0.319958236652596,6.57E-05
650559,0.602023813011881,0.319962325794164,6.57E-05
650560,0.602019191618622,0.31996481031881,6.57E-05
650561,0.602013551208865,0.319976208127158,6.57E-05
650562,0.602021502798,0.319984686355131,6.57E-05
650563,0.602022111657968,0.319991883304432,6.57E-05
650564,0.602028148032531,0.319989534585483,6.57E-05
650565,0.602030123994388,0.319993731104564,6.57E-05
650566,0.602023725058283,0.320005882243965,6.57E-05
650567,0.602027364334008,0.320007973357125,6.57E-05
650568,0.602028866217142,0.320013238381461,6.57E-05
650569,0.602040035836356,0.320013181863837,6.57E-05
650570,0.602033495176112,0.320020240660563,6.57E-05
650571,0.602041258615616,0.320025983492091,6.57E-05
650572,0.602039830707485,0.320028292751419,6.57E-05
650573,0.602043076896631,0.32003887278116,6.57E-05
650574,0.602042043436487,0.320040088871379,6.57E-05
650575,0.60204559800049,0.320042736677796,6.57E-05
650576,0.60204500760365,0.320037582994125,6.57E-05
650577,0.602049955592905,0.32004235524246,6.57E-05
650578,0.602056880198884,0.320046095564025,6.57E-05
650579,0.602051230872135,0.32004961286573,6.57E-05
650580,0.602064930002684,0.320051684345041,6.57E-05
650581,0.602062883312751,0.32004998519641,6.57E-05
650582,0.602062310127418,0.320050625969027,6.57E-05
650583,0.602061704011993,0.320044319406366,6.57E-05
650584,0.602071916087868,0.320041442939786,6.57E-05
650585,0.602073343930603,0.320044101322221,6.57E-05
650586,0.602075129006499,0.32003827638148,6.57E-05
650587,0.602078676671333,0.320039724821273,6.57E-05
650588,0.602082733811928,0.320040414431862,6.57E-05
650589,0.602085515376417,0.32003548724511,6.57E-05
650590,0.602088238050741,0.320029269603056,6.57E-05
650591,0.602099218908249,0.320025785869367,6.57E-05
650592,0.602106068980805,0.320020150523441,6.57E-05
650593,0.60210690710159,0.320018544632682,6.57E-05
650594,0.602109883798198,0.320013459644043,6.57E-05
650595,0.602111941912402,0.320014866205067,6.57E-05
650596,0.602123475962455,0.320008643970708,6.57E-05
650597,0.602116165701966,0.320005152762709,6.57E-05
650598,0.602123424821553,0.319999466876843,6.57E-05
650599,0.602124427351531,0.319996161055674,6.57E-05
650600,0.602133663050374,0.319989874971816,6.57E-05
650601,0.602135660403618,0.319986875179255,6.57E-05
650602,0.602142837254872,0.319975135008721,6.57E-05
650603,0.602139211520857,0.319967556908222,6.57E-05
650604,0.602142177037004,0.319960660644082,6.57E-05
650605,0.60214205816233,0.319954405694162,6.57E-05
650606,0.602157688940441,0.319949774103513,6.57E-05
650607,0.602148782348078,0.31993960469743,6.57E-05
650608,0.6021457855125,0.31993425292572,6.57E-05
650609,0.602143367151299,0.319922961103216,6.56E-05
650610,0.602145615580067,0.319929487629195,6.57E-05
650611,0.602144844473783,0.319921648809847,6.56E-05
650612,0.602145908139588,0.319910882385363,6.56E-05
650613,0.602147793414627,0.319908206441291,6.56E-05
650614,0.602146978299588,0.319902012533979,6.56E-05
650615,0.602142521539266,0.319897569657928,6.56E-05
650616,0.602139961634305,0.319885367186495,6.56E-05
650617,0.602131788218909,0.319890218662535,6.56E-05
650618,0.602141178284138,0.319883614950451,6.56E-05
650619,0.602128748216421,0.31988723732804,6.56E-05
650620,0.602122030642928,0.319887400520756,6.56E-05
650621,0.602114024726426,0.31989209708917,6.56E-05
650622,0.602114727820425,0.31988580242697,6.56E-05
650623,0.602107450530371,0.319894895554243,6.56E-05
650624,0.602100674307187,0.319896476002002,6.56E-05
650625,0.602095301839786,0.319894922786255,6.56E-05
650626,0.602093740615823,0.319900779228279,6.56E-05
650627,0.602088808312988,0.319904799607642,6.56E-05
650628,0.602084379707478,0.319906398917753,6.56E-05
650629,0.602076935592575,0.319909171148143,6.56E-05
650630,0.602064432760056,0.319915144633346,6.57E-05
650631,0.602054300320327,0.319919598234521,6.57E-05
650632,0.602048459586429,0.319930888100561,6.57E-05
650633,0.602030544458371,0.319937505796067,6.57E-05
650634,0.602027181835036,0.319939644058703,6.57E-05
650635,0.602020918707146,0.319941626081863,6.57E-05
650636,0.602007514240881,0.319945181968787,6.57E-05
650637,0.602001620551074,0.319954421558567,6.57E-05
650638,0.601992355012136,0.319951708120246,6.57E-05
650639,0.601988478324824,0.319960685006279,6.57E-05
650640,0.601980830880106,0.31996137634584,6.57E-05
650641,0.601974964012329,0.319971214697072,6.57E-05
650642,0.601967614177408,0.319974474951447,6.57E-05
650643,0.601962596940736,0.319974652489082,6.57E-05
650644,0.601956176375403,0.319980554845687,6.57E-05
650645,0.601962125665399,0.319984422328914,6.57E-05
650646,0.601943920042529,0.319982366780071,6.57E-05
650647,0.601940882521992,0.319986338273175,6.57E-05
650648,0.601937669130155,0.31998295106171,6.57E-05
650649,0.601921119409392,0.31998345917789,6.57E-05
650650,0.601920328984685,0.31999051747061,6.57E-05
650651,0.601914965412742,0.319991507414019,6.57E-05
650652,0.601913533144164,0.319987856415444,6.57E-05
650653,0.601916413538047,0.319986285938569,6.57E-05
650654,0.601916605115598,0.319984752764,6.57E-05
650655,0.601910917420717,0.319979995476306,6.57E-05
650656,0.601913690596896,0.31997687400715,6.57E-05
650657,0.601911355591127,0.31996869033517,6.57E-05
650658,0.60191401694493,0.319963742430288,6.57E-05
650659,0.601910073897778,0.319963389023633,6.57E-05
650660,0.601901559361407,0.319955254534134,6.57E-05
650661,0.60190220153628,0.319947744235561,6.57E-05
650662,0.601898329406588,0.319946446481156,6.57E-05
650663,0.601897292278415,0.319942671891181,6.57E-05
650664,0.601892291628575,0.319943274872414,6.57E-05
650665,0.601894968842419,0.319936509639266,6.57E-05
650666,0.601891264442709,0.319930133734603,6.57E-05
650667,0.601901585213076,0.319911151505706,6.57E-05
650668,0.601897422113351,0.319918293398831,6.57E-05
650669,0.601899996505426,0.319907567779829,6.57E-05
650670,0.601898733870328,0.319905874723916,6.57E-05
650671,0.601898483139386,0.319894789345156,6.57E-05
650672,0.601902738531639,0.319886173923089,6.57E-05
650673,0.601900520704925,0.319885524785575,6.57E-05
650674,0.601902376620205,0.319865561007701,6.56E-05
650675,0.601898655260372,0.319864298934598,6.56E-05
650676,0.601897089917476,0.319865594103444,6.56E-05
650677,0.601897541540615,0.319856486372784,6.56E-05
650678,0.601897442025412,0.319851835723598,6.56E-05
650679,0.601900058580973,0.319849627864107,6.56E-05
650680,0.601894948933583,0.319854316393229,6.56E-05
650681,0.601893603532482,0.319848987567397,6.56E-05
650682,0.601889586247256,0.319842087924996,6.56E-05
650683,0.601896222244493,0.319833067946301,6.56E-05
650684,0.601895089240907,0.319829690086583,6.56E-05
650685,0.601894516488864,0.319832072723479,6.56E-05
650686,0.601887302446915,0.319827132672767,6.56E-05
650687,0.601888003925093,0.31982862077244,6.56E-05
650688,0.601879749286263,0.319826572042905,6.56E-05
650689,0.601879900144058,0.319821718539186,6.56E-05
650690,0.601878711314865,0.319815001673706,6.56E-05
650691,0.601877846762782,0.319815195920869,6.56E-05
650692,0.601879354418656,0.319819419286803,6.56E-05
650693,0.601876228349934,0.319814372924673,6.56E-05
650694,0.601870165529352,0.319813432641052,6.56E-05
650695,0.601873824905625,0.319811675709671,6.56E-05
650696,0.601863962224794,0.319816206382131,6.56E-05
650697,0.601855723219319,0.319814652801965,6.56E-05
650698,0.601852003435771,0.319810289189886,6.56E-05
650699,0.601848472015477,0.319813730584236,6.56E-05
650700,0.601840894013364,0.319809142620766,6.56E-05
650701,0.601842886886481,0.319813123677415,6.56E-05
650702,0.601842188835828,0.319802893606177,6.56E-05
650703,0.6018408475174,0.319805592522556,6.56E-05
650704,0.601837873760744,0.3198088487385,6.56E-05
650705,0.601832030826192,0.319800456467408,6.56E-05
650706,0.601828231372032,0.319802886063333,6.56E-05
650707,0.601817962425141,0.319806011176697,6.56E-05
650708,0.601816065114819,0.319801920499368,6.56E-05
650709,0.601804811962375,0.319805740061264,6.56E-05
650710,0.601804598243221,0.319814537521581,6.56E-05
650711,0.601791883507274,0.31981672973995,6.56E-05
650712,0.601783475107301,0.319809964359062,6.56E-05
650713,0.601781523580039,0.319810625895466,6.56E-05
650714,0.601769718080033,0.319817076364737,6.56E-05
650715,0.601755910139264,0.319811762194038,6.56E-05
650716,0.601755683283256,0.319814526150374,6.56E-05
650717,0.601741153442677,0.319817693811764,6.56E-05
650718,0.601738191504198,0.319816729596835,6.56E-05
650719,0.601728829572171,0.319824293486913,6.56E-05
650720,0.601717750651509,0.319830820827987,6.56E-05
650721,0.601708445083321,0.319834713262513,6.56E-05
650722,0.601700888851099,0.319834247347546,6.56E-05
650723,0.601683746126857,0.319845585207422,6.57E-05
650724,0.601683937731494,0.31984745569268,6.57E-05
650725,0.601676870865701,0.319853845322988,6.57E-05
650726,0.60167141438849,0.319855158383253,6.57E-05
650727,0.601668917321421,0.31986247869411,6.57E-05
650728,0.601664671906332,0.319868131571508,6.57E-05
650729,0.601649226969373,0.319878505327048,6.57E-05
650730,0.601650777451066,0.319891772821946,6.57E-05
650731,0.601651194350799,0.319897626080986,6.57E-05
650732,0.601648751889411,0.319907317778274,6.57E-05
650733,0.601645865572652,0.319906833921539,6.57E-05
650734,0.601638448505229,0.319918509307304,6.57E-05
650735,0.601640494447161,0.319911839535378,6.57E-05
650736,0.601634812703212,0.319923675614627,6.57E-05
650737,0.601628714505155,0.319927738851622,6.57E-05
650738,0.601630239495284,0.319935397289593,6.57E-05
650739,0.601626217934522,0.319944939752616,6.57E-05
650740,0.601623961151455,0.319943842959293,6.57E-05
650741,0.601627963603097,0.319948294045843,6.57E-05
650742,0.601619677599661,0.319956938803063,6.57E-05
650743,0.601621754863303,0.319960852275602,6.57E-05
650744,0.601627255073026,0.319967250694247,6.57E-05
650745,0.601621726205338,0.319972082689204,6.57E-05
650746,0.601625934933277,0.319977025602899,6.57E-05
650747,0.601624976185583,0.319973794537584,6.57E-05
650748,0.601626929208629,0.319982553089853,6.57E-05
650749,0.601630291379462,0.319983276796007,6.57E-05
650750,0.601630635542521,0.31998331131574,6.57E-05
650751,0.601628732433794,0.319986272197791,6.57E-05
650752,0.601637853280405,0.319977051019795,6.57E-05
650753,0.601643378664013,0.319978676100113,6.57E-05
650754,0.601644229092075,0.319989263373443,6.57E-05
650755,0.601643392500379,0.319987652345267,6.57E-05
650756,0.601647772706686,0.319985590304795,6.57E-05
650757,0.601645976309529,0.319982636034698,6.57E-05
650758,0.601646606379704,0.319970559452025,6.57E-05
650759,0.601657393261885,0.319980339037608,6.57E-05
650760,0.601646366549839,0.319975491032965,6.57E-05
650761,0.601649840997085,0.319977578681114,6.57E-05
650762,0.601652006631835,0.319967725125464,6.57E-05
650763,0.601651169113717,0.319969698847952,6.57E-05
650764,0.601648846679543,0.319960955085509,6.57E-05
650765,0.601652966775234,0.31995754627322,6.57E-05
650766,0.601651198130829,0.319953061835159,6.57E-05
650767,0.601656848347551,0.319946270731886,6.57E-05
650768,0.601647694932179,0.319944820882798,6.57E-05
650769,0.601647724851975,0.319947045636833,6.57E-05
650770,0.60164297988613,0.319940872403884,6.57E-05
650771,0.601639596960016,0.319949328857786,6.57E-05
650772,0.6016344689821,0.319941154717329,6.57E-05
650773,0.601631110108247,0.319941741592431,6.57E-05
650774,0.601616877309893,0.319942910610896,6.57E-05
650775,0.601618369770761,0.319935551811414,6.57E-05
650776,0.601610167982984,0.319935640570463,6.57E-05
650777,0.601605212118257,0.319934707664461,6.57E-05
650778,0.6015940343784,0.319933994724205,6.57E-05
650779,0.601599982405795,0.319925186671167,6.57E-05
650780,0.601582970071896,0.319926177311157,6.57E-05
650781,0.601580564678342,0.31992999404008,6.57E-05
650782,0.601564956103009,0.319927108133995,6.57E-05
650783,0.601558644900273,0.319926827280116,6.57E-05
650784,0.601552149024323,0.319918649798963,6.57E-05
650785,0.601533465064914,0.319924521046902,6.57E-05
650786,0.601516708845065,0.319920572859973,6.57E-05
650787,0.601517075753507,0.319921216680594,6.57E-05
650788,0.601503238663055,0.319918786927269,6.57E-05
650789,0.601495270737991,0.319916201174142,6.57E-05
650790,0.601477045880519,0.319918549478162,6.57E-05
650791,0.601464621948348,0.31992129322045,6.57E-05
650792,0.60145429163339,0.319920649069946,6.57E-05
650793,0.601450928067923,0.319917066284481,6.57E-05
650794,0.60143303630695,0.319917468073333,6.57E-05
650795,0.601417797643476,0.319927174425662,6.57E-05
650796,0.601411617099632,0.319930766443753,6.57E-05
650797,0.601392586417916,0.319938167141635,6.57E-05
650798,0.601386020004688,0.319935211552918,6.57E-05
650799,0.601378498511404,0.319929987940121,6.57E-05
650800,0.601363736412674,0.319945549246825,6.57E-05
650801,0.601347914074884,0.319949404965799,6.57E-05
650802,0.601341852445734,0.319958762107299,6.57E-05
650803,0.601330187688918,0.31995625978819,6.57E-05
650804,0.601319326531841,0.319966520220629,6.57E-05
650805,0.601309999306764,0.319960623372442,6.57E-05
650806,0.601295585767901,0.319966038357389,6.57E-05
650807,0.60128031682772,0.319969948721076,6.57E-05
650808,0.601274481115229,0.319986470287108,6.57E-05
650809,0.601260728884495,0.319985608438927,6.57E-05
650810,0.601251027455305,0.319996627196944,6.57E-05
650811,0.601240097964137,0.320003360037166,6.57E-05
650812,0.601233251409728,0.320012131886188,6.57E-05
650813,0.601226268401733,0.320021307352934,6.57E-05
650814,0.601211428619907,0.320034019368858,6.57E-05
650815,0.601206526175928,0.320039481966774,6.57E-05
650816,0.601201653044211,0.320044214083774,6.57E-05
650817,0.601180726501314,0.320056167266677,6.57E-05
650818,0.601182830751617,0.320056518915933,6.57E-05
650819,0.601170036946948,0.320063117958077,6.57E-05
650820,0.601163473122895,0.320062101855416,6.57E-05
650821,0.601158867213594,0.320071083712537,6.58E-05
650822,0.601162218854195,0.320071647529923,6.58E-05
650823,0.601150823142802,0.320090334700061,6.58E-05
650824,0.601146710106372,0.320093494273858,6.58E-05
650825,0.601142285796389,0.320106943245068,6.58E-05
650826,0.601134073286292,0.320108900365981,6.58E-05
650827,0.601127277707207,0.320111789613288,6.58E-05
650828,0.601130647941048,0.320113563387116,6.58E-05
650829,0.601125636488209,0.320118739028152,6.58E-05
650830,0.601118170383579,0.320126793921694,6.58E-05
650831,0.601126505420659,0.320121811025795,6.58E-05
650832,0.601126157513106,0.320129918748309,6.58E-05
650833,0.601122874480098,0.320132984418715,6.58E-05
650834,0.601117699316252,0.320137593418552,6.58E-05
650835,0.60111798983208,0.320146117707036,6.58E-05
650836,0.601116004949025,0.320151382898599,6.58E-05
650837,0.601116199030697,0.320153768329205,6.58E-05
650838,0.601112766685508,0.320154334914191,6.58E-05
650839,0.60111012630892,0.32016592963692,6.58E-05
650840,0.601112080887327,0.320165626197395,6.58E-05
650841,0.601112808641733,0.320165049759936,6.58E-05
650842,0.601115128617565,0.320169419149466,6.58E-05
650843,0.601116985515169,0.320164869371,6.58E-05
650844,0.601114531604674,0.320162890097773,6.58E-05
650845,0.601121501069257,0.320170906851688,6.58E-05
650846,0.601123864356149,0.320169494163439,6.58E-05
650847,0.601129855495051,0.320164896211458,6.58E-05
650848,0.60113019769686,0.320162666373261,6.58E-05
650849,0.601142618205894,0.32015534159357,6.58E-05
650850,0.601137230034939,0.320151087465664,6.58E-05
650851,0.601146546208828,0.320143780768294,6.58E-05
650852,0.601141581234099,0.320133114820455,6.58E-05
650853,0.601154619354493,0.320126058975604,6.58E-05
650854,0.601151952315995,0.32012493794226,6.58E-05
650855,0.601152341081169,0.320113012242091,6.58E-05
650856,0.601152288991169,0.32010607128336,6.58E-05
650857,0.601155484370061,0.320103349970895,6.58E-05
650858,0.601156235850573,0.320095791037815,6.58E-05
650859,0.601158474693819,0.320080947214609,6.58E-05
650860,0.601163883076194,0.320071530524535,6.58E-05
650861,0.601167027708653,0.320074498443741,6.58E-05
650862,0.601174272488866,0.320053491056606,6.57E-05
650863,0.601172846752154,0.320046558487528,6.57E-05
650864,0.601172812394058,0.320041270815771,6.57E-05
650865,0.601167131454027,0.320037543933698,6.57E-05
650866,0.601174306213002,0.32002964619956,6.57E-05
650867,0.601164759071828,0.320020182977232,6.57E-05
650868,0.601156523987235,0.320005874624689,6.57E-05
650869,0.601159524835947,0.319995250764115,6.57E-05
650870,0.601158170588891,0.31999889187641,6.57E-05
650871,0.601159334793639,0.319985179526452,6.57E-05
650872,0.601166024888777,0.31997903862174,6.57E-05
650873,0.601168558315993,0.319976902931836,6.57E-05
650874,0.601172685615952,0.319966938922212,6.57E-05
650875,0.601175679985732,0.319955752642037,6.57E-05
650876,0.601178503368413,0.319950451960723,6.57E-05
650877,0.601178131568226,0.319944923758278,6.57E-05
650878,0.601182237145032,0.319938734909101,6.57E-05
650879,0.601179620269245,0.319935877024898,6.57E-05
650880,0.601178462737744,0.319922453292427,6.57E-05
650881,0.601178722674499,0.319923655975396,6.57E-05
650882,0.601182413088311,0.319919854820606,6.57E-05
650883,0.60117389208144,0.319917986920538,6.57E-05
650884,0.601178262965126,0.319913289640484,6.57E-05
650885,0.601174131541829,0.319915413462106,6.57E-05
650886,0.601171236172714,0.319916906155809,6.57E-05
650887,0.601167105043375,0.319912733093037,6.57E-05
650888,0.601168226797081,0.319914224359785,6.57E-05
650889,0.601158635293154,0.319913011808363,6.57E-05
650890,0.601156654268494,0.319907803057155,6.57E-05
650891,0.601149857396477,0.319910631749899,6.57E-05
650892,0.601140599207926,0.319912498002602,6.57E-05
650893,0.601131631284574,0.319911049532553,6.57E-05
650894,0.601122940118752,0.31991286628711,6.57E-05
650895,0.601120820012174,0.319919404553121,6.57E-05
650896,0.601100841734112,0.31992057785381,6.57E-05
650897,0.601098602358267,0.319929277973671,6.57E-05
650898,0.601089962642438,0.319932133742472,6.57E-05
650899,0.601077552805526,0.319939288832518,6.57E-05
650900,0.601068472355742,0.319940742284814,6.57E-05
650901,0.601065212830992,0.319942809287954,6.57E-05
650902,0.601055510505088,0.319951000411296,6.57E-05
650903,0.601042072065989,0.319953915138038,6.57E-05
650904,0.601035786284277,0.319964196873242,6.57E-05
650905,0.601027515018426,0.319972413220675,6.57E-05
650906,0.601015515189524,0.319976999847763,6.57E-05
650907,0.601007007583437,0.319987739360742,6.57E-05
650908,0.601000218986628,0.319996136846033,6.57E-05
650909,0.600991241249843,0.320001736128576,6.57E-05
650910,0.600983519425883,0.320009850568405,6.57E-05
650911,0.600979636906806,0.320018987370867,6.57E-05
650912,0.600966804069802,0.320029391461866,6.58E-05
650913,0.600960171691008,0.320033118085873,6.58E-05
650914,0.600956844380827,0.320038989138731,6.58E-05
650915,0.600949921031558,0.320048885278346,6.58E-05
650916,0.600954129757362,0.320060230947406,6.58E-05
650917,0.600950626621755,0.320068519641773,6.58E-05
650918,0.60094628511905,0.320075357092938,6.58E-05
650919,0.600942461544026,0.320087564281757,6.58E-05
650920,0.60093635781498,0.320099892907393,6.58E-05
650921,0.60093861845168,0.320096754834066,6.58E-05
650922,0.600940815488191,0.320113653083277,6.58E-05
650923,0.600937711287584,0.32013025938511,6.58E-05
650924,0.600938969574503,0.320137748845186,6.58E-05
650925,0.600935904972566,0.320151053169707,6.58E-05
650926,0.600937437863622,0.320151633989769,6.58E-05
650927,0.600945368338179,0.320158552830933,6.58E-05
650928,0.600947636005679,0.320168085195694,6.58E-05
650929,0.600952173150238,0.320169883103775,6.58E-05
650930,0.600954733647439,0.32017173350396,6.58E-05
650931,0.600956675637041,0.320173666399391,6.58E-05
650932,0.600965959185472,0.320172635856613,6.58E-05
650933,0.60097097910494,0.320176498434202,6.58E-05
650934,0.600978141171467,0.32016955683318,6.58E-05
650935,0.600982331182142,0.320171290485005,6.58E-05
650936,0.600995009544493,0.320175743831538,6.58E-05
650937,0.600994251178334,0.320173249149312,6.58E-05
650938,0.600997270482817,0.320165430651051,6.58E-05
650939,0.601013997625065,0.320156391430713,6.58E-05
650940,0.601019449779717,0.320154704045871,6.58E-05
650941,0.601027728205775,0.320138458637726,6.58E-05
650942,0.601037572533,0.320127329942398,6.58E-05
650943,0.601031534135659,0.320120683572281,6.58E-05
650944,0.601042171791381,0.320106114276468,6.58E-05
650945,0.601051501598433,0.320093975292102,6.58E-05
650946,0.601063300325553,0.320080826557363,6.58E-05
650947,0.601070446379968,0.32007388348709,6.58E-05
650948,0.601072902860048,0.320065062571921,6.58E-05
650949,0.601081997874251,0.320041588784604,6.57E-05
650950,0.601093016761136,0.320026910575773,6.57E-05
650951,0.601102518100213,0.320012551099525,6.57E-05
650952,0.601113329247329,0.320010667250285,6.57E-05
650953,0.601128492525117,0.319995406352981,6.57E-05
650954,0.601132433444754,0.319982695811193,6.57E-05
650955,0.601142437390038,0.319976625016478,6.57E-05
650956,0.601150114830339,0.319963383370202,6.57E-05
650957,0.601162460649192,0.319947162970371,6.57E-05
650958,0.601173153532946,0.319938654303086,6.57E-05
650959,0.601179151828771,0.319927897543039,6.57E-05
650960,0.601191595839927,0.319916633189452,6.57E-05
650961,0.601200105294776,0.319907725995565,6.57E-05
650962,0.60121081867568,0.319890573715333,6.57E-05
650963,0.601224850644389,0.319882193357042,6.57E-05
650964,0.601241548233496,0.319874937574322,6.57E-05
650965,0.601249967964905,0.319868259023506,6.57E-05
650966,0.601257750161017,0.319853513772649,6.57E-05
650967,0.601268860969311,0.319849712525034,6.57E-05
650968,0.601276059482414,0.319841689852381,6.57E-05
650969,0.601283439484282,0.319839090930101,6.57E-05
650970,0.601287817527089,0.319828684218627,6.57E-05
650971,0.601295940833535,0.319823811101849,6.57E-05
650972,0.601309673461136,0.319818353228086,6.57E-05
650973,0.601317191948569,0.319814688775713,6.57E-05
650974,0.601319623472464,0.319806511216264,6.57E-05
650975,0.601333427502511,0.319807213722218,6.57E-05
650976,0.601335797356616,0.319797472622318,6.57E-05
650977,0.601343051987354,0.319796141841722,6.57E-05
650978,0.601345973521821,0.319788980888044,6.57E-05
650979,0.601352287197325,0.319782490670303,6.57E-05
650980,0.60135420434177,0.319783904238441,6.57E-05
650981,0.601363082768808,0.319780778888736,6.57E-05
650982,0.601363100489748,0.319778054622641,6.56E-05
650983,0.601376187420255,0.319778761328765,6.56E-05
650984,0.601372096747977,0.319776911265211,6.56E-05
650985,0.601380252138425,0.319777769428448,6.56E-05
650986,0.601382643855579,0.319776610742762,6.56E-05
650987,0.601385920089959,0.319784202039508,6.57E-05
650988,0.601395951620991,0.319781304325129,6.56E-05
650989,0.601401779331566,0.319774463803767,6.56E-05
650990,0.601398819397822,0.319783039004282,6.56E-05
650991,0.601404647849487,0.319787041477651,6.57E-05
650992,0.601407717798038,0.319791378626553,6.57E-05
650993,0.601410561120039,0.319801477380999,6.57E-05
650994,0.601412809133486,0.319807998445326,6.57E-05
650995,0.601408690168799,0.319816684006926,6.57E-05
650996,0.601410487016031,0.319823979841652,6.57E-05
650997,0.601412580573085,0.319829753636148,6.57E-05
650998,0.601414884785367,0.319838212042932,6.57E-05
650999,0.601411948398748,0.319850274258163,6.57E-05
651000,0.601414289742715,0.319861584059102,6.57E-05
651001,0.601414156459369,0.319863450476392,6.57E-05
651002,0.601414693100366,0.319875012480486,6.57E-05
651003,0.60141413223377,0.319886450740489,6.57E-05
651004,0.601418361914905,0.319894568970876,6.57E-05
651005,0.601412778623859,0.319909383289782,6.57E-05
651006,0.601408877106595,0.319910604655069,6.57E-05
651007,0.601416757960548,0.319923863258406,6.57E-05
651008,0.601415463437193,0.319929485389692,6.57E-05
651009,0.601419691047932,0.31993787580704,6.57E-05
651010,0.601424934325891,0.319944512121644,6.57E-05
651011,0.601422019619354,0.319955298114279,6.57E-05
651012,0.601428271993397,0.319953838523049,6.57E-05
651013,0.601424249580785,0.319962537762846,6.57E-05
651014,0.601440013610126,0.319965291084863,6.57E-05
651015,0.601448388563838,0.3199691472154,6.57E-05
651016,0.601453530084956,0.319969270657358,6.57E-05
651017,0.601461641288669,0.319972943992832,6.57E-05
651018,0.601476150078628,0.319978781020538,6.57E-05
651019,0.601477893996612,0.319971602908536,6.57E-05
651020,0.601487615665898,0.319971396567505,6.57E-05
651021,0.601499328813585,0.319971432825964,6.57E-05
651022,0.60151082789708,0.319969709335613,6.57E-05
651023,0.601512631866037,0.319972233662031,6.57E-05
651024,0.601519048566499,0.319963313096485,6.57E-05
651025,0.601534932227183,0.319965336698613,6.57E-05
651026,0.601554875949282,0.319960006233952,6.57E-05
651027,0.601564738604154,0.319958931346431,6.57E-05
651028,0.601580843291452,0.319951012715215,6.57E-05
651029,0.601590752809074,0.319950913070572,6.57E-05
651030,0.601601142566372,0.319947797758095,6.57E-05
651031,0.60161579600095,0.319940632710138,6.57E-05
651032,0.601630229854929,0.319930824596464,6.57E-05
651033,0.60163872121031,0.31992287841379,6.57E-05
651034,0.601651623026289,0.31991300876211,6.57E-05
651035,0.601666761367126,0.319912440016769,6.57E-05
651036,0.601681583043989,0.319901740898356,6.57E-05
651037,0.601691131034432,0.319894467445022,6.57E-05
651038,0.601711636869776,0.319890675077876,6.57E-05
651039,0.601716225043272,0.319879431896039,6.57E-05
651040,0.601738114516751,0.319870310999784,6.57E-05
651041,0.601744942039318,0.319862996517779,6.57E-05
651042,0.601762942117729,0.319856264534199,6.57E-05
651043,0.601773881882104,0.319849620085716,6.56E-05
651044,0.601787195036831,0.319838046433377,6.56E-05
651045,0.601804175238287,0.319837826829435,6.56E-05
651046,0.601808690661125,0.319828039521091,6.56E-05
651047,0.601816811418416,0.319812318305716,6.56E-05
651048,0.601829699949528,0.319812976710457,6.56E-05
651049,0.601843749197678,0.319804075429995,6.56E-05
651050,0.601857824069573,0.319787416514002,6.56E-05
651051,0.601872552168851,0.319786559352991,6.56E-05
651052,0.601879196810136,0.319774451127541,6.56E-05
651053,0.601886681495121,0.319767264885592,6.56E-05
651054,0.601894977626294,0.319760351030483,6.56E-05
651055,0.601912509085704,0.319753649086532,6.56E-05
651056,0.601921405107467,0.319742574783921,6.56E-05
651057,0.601929581438931,0.31973596903148,6.56E-05
651058,0.601945291492335,0.319728635904321,6.56E-05
651059,0.601946541814019,0.319727414713646,6.56E-05
651060,0.601956577871816,0.319720377864931,6.56E-05
651061,0.601954759377761,0.319714663769074,6.56E-05
651062,0.601967572044411,0.319711684909484,6.56E-05
651063,0.601973682217066,0.319714753674453,6.56E-05
651064,0.601976036371418,0.319704339281258,6.56E-05
651065,0.601982076930349,0.319699561881689,6.56E-05
651066,0.601984147948756,0.319699436576434,6.56E-05
651067,0.60199479020523,0.319696729644939,6.56E-05
651068,0.602003185710288,0.31969544831873,6.56E-05
651069,0.602000539198659,0.319695209256663,6.56E-05
651070,0.602008017751218,0.319693550533589,6.56E-05
651071,0.602018659825589,0.319689871782654,6.56E-05
651072,0.602019845563061,0.319687378565465,6.56E-05
651073,0.602020898006062,0.319690769540236,6.56E-05
651074,0.602025562728028,0.319682520033135,6.56E-05
651075,0.602029270384648,0.319684737136592,6.56E-05
651076,0.602036182101125,0.319683221880531,6.56E-05
651077,0.602030101847742,0.319681488894091,6.56E-05
651078,0.602042882478378,0.319685774810622,6.56E-05
651079,0.602045584494483,0.319686636313553,6.56E-05
651080,0.602046333541137,0.319687129513661,6.56E-05
651081,0.602050955414095,0.319685941171741,6.56E-05
651082,0.602047065150138,0.319681674439385,6.56E-05
651083,0.602047716870282,0.319691970760856,6.56E-05
651084,0.602051524512288,0.31969187895211,6.56E-05
651085,0.602050986658253,0.3196937565224,6.56E-05
651086,0.602058112574099,0.319696489710732,6.56E-05
651087,0.602055925171031,0.319704476173087,6.56E-05
651088,0.602055484622479,0.319709261900926,6.56E-05
651089,0.602059595259935,0.319707907580614,6.56E-05
651090,0.602052513127476,0.319715444208812,6.56E-05
651091,0.602051880283213,0.319719815444885,6.56E-05
651092,0.602051436277217,0.319728427761131,6.56E-05
651093,0.602051796605709,0.31973223558938,6.56E-05
651094,0.602049979785178,0.31974144898091,6.56E-05
651095,0.602047648223796,0.319743928637784,6.56E-05
651096,0.602042204558058,0.319753077366139,6.56E-05
651097,0.602047127845905,0.319755167612071,6.56E-05
651098,0.60204854587313,0.319768129332651,6.56E-05
651099,0.602046837492345,0.31977051407337,6.56E-05
651100,0.602042415086228,0.319769441291562,6.56E-05
651101,0.602038162569336,0.3197701926299,6.56E-05
651102,0.602039871919712,0.31976906675696,6.56E-05
651103,0.602029747953466,0.319776570865391,6.56E-05
651104,0.602030696070494,0.319774366604565,6.56E-05
651105,0.602027961530489,0.319773989702572,6.56E-05
651106,0.602025176255378,0.31977877229051,6.56E-05
651107,0.602021048317811,0.319771603127762,6.56E-05
651108,0.602008483301445,0.319772478432759,6.56E-05
651109,0.602005642378226,0.319769469666674,6.56E-05
651110,0.602001113610625,0.319779001412383,6.56E-05
651111,0.60200242705565,0.319765134122481,6.56E-05
651112,0.602000330601931,0.319761813169179,6.56E-05
651113,0.602003500336091,0.319758159346732,6.56E-05
651114,0.60199874662078,0.319755392198696,6.56E-05
651115,0.601995260581419,0.319748709580828,6.56E-05
651116,0.601990620493242,0.319736616715959,6.56E-05
651117,0.601980813933826,0.319740021187644,6.56E-05
651118,0.601973894400535,0.319732324740392,6.56E-05
651119,0.601974181527171,0.319721128173766,6.56E-05
651120,0.601971628614224,0.319714972577809,6.56E-05
651121,0.601972644199556,0.319706964729344,6.56E-05
651122,0.601963260026796,0.319702954926844,6.56E-05
651123,0.601959970214738,0.319695825338551,6.56E-05
651124,0.60195568991415,0.319682172479846,6.56E-05
651125,0.601950178095168,0.31967780966282,6.56E-05
651126,0.601945301978989,0.319679829530992,6.56E-05
651127,0.601938899113917,0.319670443766097,6.56E-05
651128,0.60193756262387,0.319664316310804,6.56E-05
651129,0.601930281864345,0.319658896801059,6.56E-05
651130,0.601923223684939,0.319661567622608,6.56E-05
651131,0.60193388147283,0.319653377317908,6.56E-05
651132,0.601917290028351,0.319654706757031,6.56E-05
651133,0.601921336062952,0.319653890557878,6.56E-05
651134,0.601920692930384,0.319645256695513,6.56E-05
651135,0.601922102230358,0.319646526357554,6.56E-05
651136,0.601927329019221,0.319647012586632,6.56E-05
651137,0.601919906419457,0.319652840694108,6.56E-05
651138,0.60191362749331,0.319640029137369,6.56E-05
651139,0.601922988750373,0.319640768721516,6.56E-05
651140,0.601909354528231,0.319644151237861,6.56E-05
651141,0.60191994779312,0.319642987538049,6.56E-05
651142,0.601908715396125,0.31963254805461,6.56E-05
651143,0.601911218394127,0.31964127047201,6.56E-05
651144,0.601894431794931,0.319644398705336,6.56E-05
651145,0.601898468171643,0.319647793729155,6.56E-05
651146,0.60189824896559,0.319642440290667,6.56E-05
651147,0.601894625176268,0.319646663111146,6.56E-05
651148,0.601885003139964,0.319654140485462,6.56E-05
651149,0.601883225158915,0.319652332027165,6.56E-05
651150,0.60187797588499,0.319654040318891,6.56E-05
651151,0.601875602999516,0.319656394362451,6.56E-05
651152,0.601871020549829,0.319652784345161,6.56E-05
651153,0.601857825091295,0.319662255519812,6.56E-05
651154,0.601854755327746,0.319665812305657,6.56E-05
651155,0.601858272185428,0.319664740645044,6.56E-05
651156,0.601833270442511,0.319674050417366,6.56E-05
651157,0.601832831186073,0.319675285368815,6.56E-05
651158,0.601833853034321,0.319680981711245,6.56E-05
651159,0.601815355246231,0.319690375811085,6.56E-05
651160,0.601809480154216,0.31969187732441,6.56E-05
651161,0.601804471026569,0.319697420663197,6.56E-05
651162,0.601794781878488,0.319698882638934,6.56E-05
651163,0.601789331669968,0.319706652850766,6.56E-05
651164,0.60177616270739,0.31971328671484,6.56E-05
651165,0.601771147964841,0.319720863244692,6.56E-05
651166,0.601771141462896,0.319725655516493,6.56E-05
651167,0.601766595516857,0.319728562706883,6.56E-05
651168,0.601759085915789,0.319731224197456,6.56E-05
651169,0.601757653949626,0.319742881650631,6.56E-05
651170,0.601760237491702,0.319750380517428,6.56E-05
651171,0.601743513719548,0.319761006427149,6.56E-05
651172,0.6017437875861,0.319760642343254,6.56E-05
651173,0.601739218622191,0.319761773415607,6.56E-05
651174,0.60172844022459,0.319774378462606,6.56E-05
651175,0.601720678633256,0.319778353213076,6.56E-05
651176,0.601720816536809,0.319783285695412,6.56E-05
651177,0.601713933104546,0.319790378713342,6.56E-05
651178,0.601704715320199,0.319798539379758,6.56E-05
651179,0.601700297797145,0.319805202959297,6.56E-05
651180,0.601706514344702,0.319799348906804,6.56E-05
651181,0.601695759916239,0.319806231994067,6.56E-05
651182,0.601697619777722,0.319808361080343,6.56E-05
651183,0.601689877494372,0.319812156627783,6.56E-05
651184,0.601686273191369,0.319816699617831,6.56E-05
651185,0.601685226218552,0.319815736595638,6.56E-05
651186,0.601675340333575,0.319820345593216,6.56E-05
651187,0.601672977343872,0.319821295741718,6.56E-05
651188,0.601671319209803,0.319810962446167,6.56E-05
651189,0.6016728205552,0.319815332893804,6.56E-05
651190,0.601668449413729,0.319809301639283,6.56E-05
651191,0.601668970672545,0.319803770067606,6.56E-05
651192,0.601665133342156,0.31980405286737,6.56E-05
651193,0.601656137027619,0.319804721113644,6.56E-05
651194,0.601658350739071,0.319805467337303,6.56E-05
651195,0.601658130549787,0.319792959123548,6.56E-05
651196,0.601661410516503,0.31979013849082,6.56E-05
651197,0.601656731701329,0.319787425045726,6.56E-05
651198,0.601653737466772,0.319785494796333,6.56E-05
651199,0.601659277611351,0.319785694064762,6.56E-05
651200,0.601651561408756,0.319777575189977,6.56E-05
651201,0.60165375073962,0.319776864557235,6.56E-05
651202,0.601664440879931,0.31977086758088,6.56E-05
651203,0.601658761674116,0.319777850726968,6.56E-05
651204,0.601652268155355,0.319769629213387,6.56E-05
651205,0.601653964156456,0.319766317887941,6.56E-05
651206,0.601659262587414,0.319760953661101,6.56E-05
651207,0.601664074269525,0.319759737733587,6.56E-05
651208,0.60167099114484,0.319752421902893,6.56E-05
651209,0.601663856425799,0.319747192321154,6.56E-05
651210,0.601659535144806,0.319750479550367,6.56E-05
651211,0.60165980352904,0.319750850810607,6.56E-05
651212,0.601670526872723,0.319745434937151,6.56E-05
651213,0.601672230873836,0.319738403003129,6.56E-05
651214,0.60167745538759,0.319739693129928,6.56E-05
651215,0.601673382993433,0.319728294626533,6.56E-05
651216,0.601677342498466,0.319726900573368,6.56E-05
651217,0.601671014169444,0.319730315053385,6.56E-05
651218,0.601672020927777,0.319723784758419,6.56E-05
651219,0.601678263178472,0.319721883204471,6.56E-05
651220,0.601681953261662,0.319726276676144,6.56E-05
651221,0.601682095968906,0.319720053662464,6.56E-05
651222,0.601683761772971,0.319711633399788,6.56E-05
651223,0.601690499367557,0.319708108172295,6.56E-05
651224,0.601692050108266,0.319704066039228,6.56E-05
651225,0.601688829470257,0.319705955760289,6.56E-05
651226,0.6016919092547,0.319696374153004,6.56E-05
651227,0.601689255251984,0.319692453734646,6.56E-05
651228,0.601701235862202,0.319687543583117,6.56E-05
651229,0.601691029999901,0.31968386914666,6.56E-05
651230,0.601685080102068,0.319686146946872,6.56E-05
651231,0.6016775514042,0.319686544236054,6.56E-05
651232,0.601679606850266,0.319685061675108,6.56E-05
651233,0.601674332627109,0.319676725838614,6.56E-05
651234,0.601677806815366,0.319671759282061,6.56E-05
651235,0.601664154468929,0.319667962696119,6.56E-05
651236,0.601662664273263,0.319665091538045,6.56E-05
651237,0.601661582216323,0.319666147759707,6.56E-05
651238,0.601660776220846,0.319652249126054,6.56E-05
651239,0.601648359491706,0.319652090247687,6.56E-05
651240,0.601647381993807,0.319652256844703,6.56E-05
651241,0.601649937718639,0.319641149647848,6.56E-05
651242,0.601634571196766,0.319640359055738,6.56E-05
651243,0.601627953928765,0.319639166243197,6.56E-05
651244,0.601626957077956,0.319631922825586,6.56E-05
651245,0.601614284778167,0.319635505808952,6.56E-05
651246,0.601609934405923,0.319630649176614,6.56E-05
651247,0.60160995705856,0.319625398396475,6.56E-05
651248,0.601604071638949,0.319626778698943,6.56E-05
651249,0.601594394327218,0.319629448429872,6.56E-05
651250,0.601595443155216,0.319624280032942,6.56E-05
651251,0.60157946856702,0.319623577273849,6.56E-05
651252,0.601568894330195,0.319630343150549,6.56E-05
651253,0.601574098765975,0.319625920572094,6.56E-05
651254,0.601567992002742,0.319632479518128,6.56E-05
651255,0.601561058098009,0.319639589812337,6.56E-05
651256,0.60155251150311,0.319636882289536,6.56E-05
651257,0.601545800464874,0.319637779966149,6.56E-05
651258,0.601535404820622,0.319648606356402,6.56E-05
651259,0.601526586941684,0.319646615672349,6.56E-05
651260,0.601518380776658,0.319655945681032,6.56E-05
651261,0.601518538544663,0.319660573590006,6.56E-05
651262,0.601503153610363,0.319662215169962,6.56E-05
651263,0.601503594609689,0.319663083148572,6.56E-05
651264,0.601494584904482,0.319662955632964,6.56E-05
651265,0.601481800939029,0.319665893621954,6.56E-05
651266,0.601472392134069,0.319668347175077,6.56E-05
651267,0.601471803450335,0.319674656725999,6.56E-05
651268,0.601461798578381,0.31968457153026,6.56E-05
651269,0.601467775054162,0.319686724461476,6.56E-05
651270,0.601466736705481,0.319689103931901,6.56E-05
651271,0.601451408558944,0.319693043427184,6.56E-05
651272,0.601450734189561,0.31969705852981,6.56E-05
651273,0.601456739657011,0.319700797412311,6.56E-05
651274,0.601441434158517,0.319707380018564,6.56E-05
651275,0.601439534989054,0.319707924746402,6.56E-05
651276,0.601443290673814,0.319715740610476,6.56E-05
651277,0.601442341700214,0.319718945838794,6.56E-05
651278,0.601435204757279,0.319715774929849,6.56E-05
651279,0.601444395581466,0.319725057086608,6.56E-05
651280,0.601440381229446,0.31972577680293,6.56E-05
651281,0.601438339587297,0.319728399330992,6.56E-05
651282,0.601444217717857,0.319734875945238,6.56E-05
651283,0.601443923218197,0.319726779457589,6.56E-05
651284,0.601450632777111,0.319731592351739,6.56E-05
651285,0.601445657076965,0.319732113668322,6.56E-05
651286,0.601454230089297,0.319736399764975,6.56E-05
651287,0.60145649672052,0.319735993735777,6.56E-05
651288,0.601456595132382,0.31973127367709,6.56E-05
651289,0.601467977205954,0.319731077972114,6.56E-05
651290,0.601474677532361,0.319735726090219,6.56E-05
651291,0.601480590940531,0.319735366083116,6.56E-05
651292,0.601492185950698,0.319729882643872,6.56E-05
651293,0.601493902118583,0.319730359467532,6.56E-05
651294,0.60151373291986,0.319713730089966,6.56E-05
651295,0.601519634276878,0.319717565026085,6.56E-05
651296,0.601531416369487,0.319710913702196,6.56E-05
651297,0.601536127154486,0.319709071322816,6.56E-05
651298,0.601542281067755,0.319701319996391,6.56E-05
651299,0.601554435668702,0.319701426917278,6.56E-05
651300,0.60157208893285,0.319691964652622,6.56E-05
651301,0.601572217035975,0.319694857470776,6.56E-05
651302,0.601588774003005,0.3196869873709,6.56E-05
651303,0.601599863828661,0.319677720248901,6.56E-05
651304,0.60160167072918,0.319672990825127,6.56E-05
651305,0.601604036125299,0.319674830598407,6.56E-05
651306,0.601618400307554,0.319665239658569,6.56E-05
651307,0.60162880599399,0.319664739931938,6.56E-05
651308,0.601636911587461,0.319669533522153,6.56E-05
651309,0.601638564095729,0.319654953999698,6.56E-05
651310,0.601642997742232,0.319656166701856,6.56E-05
651311,0.601640939072912,0.319654090484701,6.56E-05
651312,0.60164788821509,0.319651006999579,6.56E-05
651313,0.60165588719305,0.319648925599145,6.56E-05
651314,0.601653974757435,0.319648183536816,6.56E-05
651315,0.601650863358427,0.319647657591811,6.56E-05
651316,0.601659337184203,0.319647232256785,6.56E-05
651317,0.6016633853669,0.319639657387004,6.56E-05
651318,0.601658489560812,0.319639220945879,6.56E-05
651319,0.601655021349398,0.319633633115325,6.56E-05
651320,0.601658354715526,0.319631095488783,6.56E-05
651321,0.601657643186829,0.319631012335283,6.56E-05
651322,0.60165720536833,0.319622699412373,6.56E-05
651323,0.601658916214614,0.319618100422663,6.56E-05
651324,0.601652016269272,0.319612471190767,6.56E-05
651325,0.601658627913591,0.319612039727578,6.56E-05
651326,0.601658254090809,0.319603882695676,6.56E-05
651327,0.601657495246926,0.319597422246139,6.56E-05
651328,0.601659099608817,0.319592762093812,6.56E-05
651329,0.601649517059171,0.319591826781619,6.56E-05
651330,0.601653737515531,0.319586274172489,6.56E-05
651331,0.601656459280559,0.319586678421917,6.56E-05
651332,0.601655484563474,0.319580187858438,6.56E-05
651333,0.601659507213601,0.319583335722602,6.56E-05
651334,0.601661137064163,0.319580292759814,6.56E-05
651335,0.601658025499929,0.319566197362137,6.56E-05
651336,0.601656705064092,0.319564250923912,6.56E-05
651337,0.601644595240711,0.319567255625972,6.56E-05
651338,0.601655605663082,0.319560380979712,6.56E-05
651339,0.601652702177708,0.319557138482067,6.56E-05
651340,0.601652533593772,0.319561053168996,6.56E-05
651341,0.601650418317276,0.319555872724507,6.56E-05
651342,0.601640652358059,0.319555881738981,6.56E-05
651343,0.601639411568054,0.319550481679291,6.56E-05
651344,0.601639847147622,0.31954949553133,6.56E-05
651345,0.601633794537564,0.319554799167337,6.56E-05
651346,0.601624970024029,0.319546677280618,6.56E-05
651347,0.601614468736705,0.319554900087911,6.56E-05
651348,0.601609305842121,0.319558557132853,6.56E-05
651349,0.601594471735658,0.319560258470481,6.56E-05
651350,0.601585526591582,0.319562035134958,6.56E-05
651351,0.601578243742557,0.319573357559853,6.56E-05
651352,0.601580140805391,0.319572890570182,6.56E-05
651353,0.601559222116506,0.319584226774707,6.56E-05
651354,0.601546491378898,0.3195832874154,6.56E-05
651355,0.601538767800535,0.319595290231624,6.56E-05
651356,0.601528030632301,0.319597823544535,6.56E-05
651357,0.601518575937231,0.31959431272845,6.56E-05
651358,0.601492122456659,0.319597706816825,6.56E-05
651359,0.601476257605299,0.319604253182477,6.56E-05
651360,0.601463314377827,0.319606730005705,6.56E-05
651361,0.601443086085282,0.319617602812083,6.56E-05
651362,0.601423961351799,0.319615253068377,6.56E-05
651363,0.601406902079242,0.319620844486979,6.56E-05
651364,0.601384129894358,0.319624473297034,6.56E-05
651365,0.601374924970994,0.319628630366116,6.56E-05
651366,0.601350404782178,0.319629918377921,6.56E-05
651367,0.60133430975036,0.319632535342234,6.56E-05
651368,0.6013166999306,0.319641679553719,6.56E-05
651369,0.601304486084055,0.319641372946122,6.56E-05
651370,0.601290765521894,0.319641831413842,6.56E-05
651371,0.601274442239832,0.319646517820309,6.56E-05
651372,0.601266496904324,0.319646904896219,6.56E-05
651373,0.601256858998342,0.319641688561373,6.56E-05
651374,0.601244947580684,0.319650849277955,6.56E-05
651375,0.601239185801068,0.319653959095937,6.56E-05
651376,0.601237229118398,0.319647813084294,6.56E-05
651377,0.601223379060717,0.31964665524642,6.56E-05
651378,0.601221419198079,0.319641134995117,6.56E-05
651379,0.601205570699356,0.319649742514239,6.56E-05
651380,0.601201514141537,0.319654056215724,6.56E-05
651381,0.601186618964658,0.319656446952145,6.56E-05
651382,0.601189535315907,0.319660917739008,6.56E-05
651383,0.601179927233161,0.319662055504318,6.56E-05
651384,0.601171506274759,0.319670062284047,6.56E-05
651385,0.601166192072004,0.319666590665791,6.56E-05
651386,0.601155248754757,0.319672901036498,6.56E-05
651387,0.601144291547312,0.319685157418261,6.56E-05
651388,0.601125639123921,0.319685657948341,6.56E-05
651389,0.60111292788848,0.319693261007307,6.56E-05
651390,0.601107797241507,0.319699075886543,6.56E-05
651391,0.601091215681865,0.319710692456079,6.56E-05
651392,0.60108297882082,0.319718243217522,6.56E-05
651393,0.601081439177415,0.319726824512712,6.57E-05
651394,0.601070076825061,0.3197383739696,6.57E-05
651395,0.601054214253504,0.319750711933001,6.57E-05
651396,0.601049689160741,0.31975588687873,6.57E-05
651397,0.601035640556317,0.319766461334839,6.57E-05
651398,0.601028571400435,0.319780728098609,6.57E-05
651399,0.601013938955738,0.319790566042375,6.57E-05
651400,0.601004863003313,0.319797615547691,6.57E-05
651401,0.600999664817154,0.319808502899632,6.57E-05
651402,0.600990240815369,0.319822610882136,6.57E-05
651403,0.600972103245887,0.319833636087174,6.57E-05
651404,0.600967464519582,0.319839158048559,6.57E-05
651405,0.600963420847026,0.31984132009246,6.57E-05
651406,0.600952416937281,0.319857863411049,6.57E-05
651407,0.60094683781153,0.319859283056903,6.57E-05
651408,0.600940865381151,0.319848771781675,6.57E-05
651409,0.601025159053817,0.319698126923778,6.56E-05
651410,0.601008406817397,0.319694857179366,6.56E-05
651411,0.601013913521234,0.319680845165133,6.56E-05
651412,0.600857173523092,0.319639641258271,6.56E-05
651413,0.60084683344804,0.319628576080664,6.56E-05
651414,0.600843165866912,0.319611592111838,6.56E-05
651415,0.600830777700066,0.319611814275777,6.56E-05
651416,0.600817409738701,0.319590820856376,6.56E-05
651417,0.600804984941931,0.319582017562136,6.56E-05
651418,0.600799516344569,0.319568259732551,6.56E-05
651419,0.6007990121568,0.319548480067406,6.56E-05
651420,0.600787741932974,0.319535900966865,6.56E-05
651421,0.600774916308379,0.319523279313965,6.56E-05
651422,0.600775223143055,0.319502321317588,6.56E-05
651423,0.60076127780774,0.319487852831737,6.56E-05
651424,0.600757973615807,0.319474760972276,6.56E-05
651425,0.600749564002505,0.319460260503966,6.56E-05
651426,0.600740001934047,0.319445684415253,6.56E-05
651427,0.600724958392953,0.319418029538712,6.56E-05
651428,0.600717305124983,0.319401490979418,6.56E-05
651429,0.600703486989935,0.319385182018817,6.56E-05
651430,0.600690340182304,0.319374799962602,6.56E-05
651431,0.600684240933346,0.319350906162791,6.56E-05
651432,0.600675862742485,0.319331492782522,6.56E-05
651433,0.600665694422319,0.319307910562916,6.55E-05
651434,0.600650705276317,0.319289470861312,6.55E-05
651435,0.600631205758453,0.319280708948768,6.55E-05
651436,0.600614542876828,0.31927276825029,6.55E-05
651437,0.600598004406119,0.319261257896119,6.55E-05
651438,0.600583697307385,0.319242257559084,6.55E-05
651439,0.600571590194265,0.319226056824464,6.55E-05
651440,0.6005569073263,0.319221805701166,6.55E-05
651441,0.600533419112595,0.319214250028704,6.55E-05
651442,0.600519627772783,0.3191969597535,6.55E-05
651443,0.60050830251116,0.319187265313424,6.55E-05
651444,0.60047491632486,0.319180020655812,6.55E-05
651445,0.600468732200199,0.319166094929976,6.55E-05
651446,0.60044637039702,0.319151781812228,6.55E-05
651447,0.600438511388778,0.31914533503667,6.55E-05
651448,0.600413455552735,0.319143202127557,6.55E-05
651449,0.600405242655806,0.319131869305307,6.55E-05
651450,0.600388365717194,0.319123138719712,6.55E-05
651451,0.600365726098567,0.319137322649901,6.55E-05
651452,0.600348613516187,0.319128262467508,6.55E-05
651453,0.600334937368937,0.319120348860404,6.55E-05
651454,0.600312801621528,0.319120037708109,6.55E-05
651455,0.600308624861476,0.319115682456594,6.55E-05
651456,0.600288840576068,0.319113944280568,6.55E-05
651457,0.600278875286507,0.319121451927153,6.55E-05
651458,0.600270696631406,0.319115424685931,6.55E-05
651459,0.600259305578355,0.319117193136763,6.55E-05
651460,0.600250292794294,0.319119467222094,6.55E-05
651461,0.600238762925102,0.319120257516137,6.55E-05
651462,0.600226063818273,0.319126147277483,6.55E-05
651463,0.600220241864769,0.319119449134915,6.55E-05
651464,0.600215626205038,0.319121138952186,6.55E-05
651465,0.600200167492688,0.319127575608081,6.55E-05
651466,0.600192060816939,0.319131340046882,6.55E-05
651467,0.600185092946356,0.31914031012252,6.55E-05
651468,0.600178600879187,0.319139887798227,6.55E-05
651469,0.600189433539973,0.319148036422598,6.55E-05
651470,0.600175464783798,0.31915619719529,6.55E-05
651471,0.600175183660578,0.319156429817846,6.55E-05
651472,0.600175387206041,0.319161979418081,6.55E-05
651473,0.600167588436318,0.319162240247704,6.55E-05
651474,0.600163823919455,0.319173375257034,6.55E-05
651475,0.600156102036263,0.319176943376607,6.55E-05
651476,0.600159137218908,0.319181408502964,6.55E-05
651477,0.600158884716486,0.319188154738128,6.55E-05
651478,0.600160283516983,0.319200280321298,6.55E-05
651479,0.600154292315439,0.319205091960707,6.55E-05
651480,0.600166024440598,0.319213260561604,6.55E-05
651481,0.600163007534591,0.319222104597079,6.55E-05
651482,0.60016398963987,0.319231897484589,6.56E-05
651483,0.600163994739517,0.319243467619886,6.56E-05
651484,0.600165194983359,0.319246623899912,6.56E-05
651485,0.60016619249564,0.319249535895653,6.56E-05
651486,0.600162365819314,0.319267262006001,6.56E-05
651487,0.600176006900274,0.319266934995748,6.56E-05
651488,0.600174574611579,0.31928342648323,6.56E-05
651489,0.600166164141712,0.319288248682389,6.56E-05
651490,0.600168391859005,0.319299555793363,6.56E-05
651491,0.600154503935487,0.319311962202101,6.56E-05
651492,0.60014378022209,0.319325332620556,6.56E-05
651493,0.600129126331104,0.319335990371099,6.56E-05
651494,0.600121355961358,0.319345248261841,6.56E-05
651495,0.600109238554174,0.319357661578258,6.56E-05
651496,0.60010203632118,0.319362848353247,6.56E-05
651497,0.600103327236886,0.319352297167649,6.56E-05
651498,0.600093255831757,0.319365484755367,6.56E-05
651499,0.600088775343567,0.319371598556997,6.56E-05
651500,0.600076277910773,0.31937242172171,6.56E-05
651501,0.600067343195659,0.319375822318692,6.56E-05
651502,0.600062618331566,0.319372950227502,6.56E-05
651503,0.600050206797069,0.319379456140231,6.56E-05
651504,0.600046034186727,0.319379861372363,6.56E-05
651505,0.600035576820006,0.31938258383452,6.56E-05
651506,0.600029980481041,0.319385400331397,6.56E-05
651507,0.600020631050969,0.319384140825951,6.56E-05
651508,0.600016873732459,0.319383926815183,6.56E-05
651509,0.60000467338446,0.319387908244029,6.56E-05
651510,0.599997003690307,0.3193909321794,6.56E-05
651511,0.599994005937164,0.319378728856267,6.56E-05
651512,0.599988052012085,0.319376783988061,6.56E-05
651513,0.599976183415117,0.319384484019182,6.56E-05
651514,0.599971022303154,0.319387786368032,6.56E-05
651515,0.599959928299006,0.31938873779331,6.56E-05
651516,0.599954094649704,0.319388629317575,6.56E-05
651517,0.599954919717847,0.319385615762518,6.56E-05
651518,0.599943481670524,0.31938610072898,6.56E-05
651519,0.599938149621648,0.319386029393733,6.56E-05
651520,0.59993556465602,0.319386763453892,6.56E-05
651521,0.599934734445733,0.319388591033413,6.56E-05
651522,0.599929702111959,0.319395647210755,6.56E-05
651523,0.599925195878553,0.319391445975341,6.56E-05
651524,0.599925720775479,0.319394198124746,6.56E-05
651525,0.599925693484944,0.319404915993556,6.56E-05
651526,0.599924996117641,0.319408531709681,6.56E-05
651527,0.599930088431782,0.319408963043389,6.56E-05
651528,0.599929785616708,0.319413266011288,6.56E-05
651529,0.599934665869183,0.319413678359576,6.56E-05
651530,0.5999338878642,0.319417598516802,6.56E-05
651531,0.599935258753015,0.319419221344866,6.56E-05
651532,0.599938185389715,0.319425081438129,6.56E-05
651533,0.599943149221637,0.319432394283179,6.56E-05
651534,0.599947891851935,0.319436568658599,6.56E-05
651535,0.59995735470177,0.319434517795197,6.56E-05
651536,0.599960996266116,0.319436154905033,6.56E-05
651537,0.599965618742084,0.319438607980666,6.56E-05
651538,0.599981458758932,0.319443319753767,6.56E-05
651539,0.599995169320832,0.319441745086286,6.56E-05
651540,0.600005037416499,0.319439123581466,6.56E-05
651541,0.60001173330784,0.31944239623916,6.56E-05
651542,0.600025436164603,0.319447900918127,6.56E-05
651543,0.600033640883037,0.319447936096207,6.56E-05
651544,0.600054117792617,0.319455262774307,6.56E-05
651545,0.600068710743767,0.319455187073836,6.56E-05
651546,0.600086967957675,0.319452144391749,6.56E-05
651547,0.600100187521422,0.319447731192669,6.56E-05
651548,0.600113013076065,0.319450297264028,6.56E-05
651549,0.600130358641411,0.319453211275431,6.56E-05
651550,0.600148891158455,0.319456439385343,6.56E-05
651551,0.600157761992341,0.319443016561639,6.56E-05
651552,0.600190711021953,0.319446425960642,6.56E-05
651553,0.600192280056188,0.319458494614517,6.56E-05
651554,0.600220500519899,0.319449594150648,6.56E-05
651555,0.600232079042468,0.31944664102219,6.56E-05
651556,0.600251585319603,0.319452825172209,6.56E-05
651557,0.600271054308287,0.319453135877066,6.56E-05
651558,0.600297285183557,0.319451305162105,6.56E-05
651559,0.600320751760963,0.319447629936233,6.56E-05
651560,0.600338893296932,0.319453032008167,6.56E-05
651561,0.60036066205312,0.319457898182605,6.56E-05
651562,0.600383079108395,0.319457680952024,6.56E-05
651563,0.600407811720644,0.319456757113264,6.56E-05
651564,0.600425508691296,0.319460583472968,6.56E-05
651565,0.600452269100302,0.319455208487485,6.56E-05
651566,0.600485869623465,0.319454533470378,6.56E-05
651567,0.600506263033162,0.319453266170523,6.56E-05
651568,0.600532633621183,0.31945443492722,6.56E-05
651569,0.600562993462374,0.319459396907077,6.56E-05
651570,0.600591702474111,0.319455644007492,6.56E-05
651571,0.600620297190914,0.31946427859195,6.56E-05
651572,0.600638094088427,0.319456322043473,6.56E-05
651573,0.600661603900182,0.319454822228153,6.56E-05
651574,0.600697886829491,0.319456557026278,6.56E-05
651575,0.600724857312231,0.319458450276104,6.56E-05
651576,0.600745215897317,0.319461424742604,6.56E-05
651577,0.600776651176445,0.319449008239407,6.56E-05
651578,0.600791954097985,0.319452404350027,6.56E-05
651579,0.600811858325587,0.319453905860702,6.56E-05
651580,0.600833945185282,0.31945246793217,6.56E-05
651581,0.600859741095895,0.319454042236185,6.56E-05
651582,0.600880885642158,0.319450034232308,6.56E-05
651583,0.600900749142211,0.319451298598831,6.56E-05
651584,0.600920806673862,0.31945010755162,6.56E-05
651585,0.600940001100531,0.319456980441022,6.56E-05
651586,0.600964973067763,0.319448136391934,6.56E-05
651587,0.600992734947866,0.319447349326138,6.56E-05
651588,0.601013835597537,0.319450806642268,6.56E-05
651589,0.601031292794146,0.319451163867754,6.56E-05
651590,0.601044824535991,0.319453268849106,6.56E-05
651591,0.601066942496586,0.319457913392122,6.56E-05
651592,0.601077107147576,0.319461885535528,6.56E-05
651593,0.601099855626722,0.319460306802447,6.56E-05
651594,0.601117544388737,0.319469961928353,6.56E-05
651595,0.60113363957077,0.31946980556253,6.56E-05
651596,0.601163844789032,0.319475561733567,6.56E-05
651597,0.601174197363649,0.319474601332429,6.56E-05
651598,0.60119927089395,0.319477124250798,6.56E-05
651599,0.601214372607535,0.319470644102392,6.56E-05
651600,0.601234198114449,0.319476464093741,6.56E-05
651601,0.601257385413608,0.319484705982542,6.56E-05
651602,0.601278990139275,0.319484317063841,6.56E-05
651603,0.601295108914044,0.319495079828537,6.56E-05
651604,0.601327235641374,0.319501707244259,6.56E-05
651605,0.60134618016113,0.31950424133483,6.56E-05
651606,0.601365594053795,0.319509442010682,6.56E-05
651607,0.601382205348976,0.319512979874465,6.56E-05
651608,0.601394392206814,0.31950851256017,6.56E-05
651609,0.601392621949609,0.31951605374187,6.56E-05
651610,0.601395501033791,0.319520422106156,6.56E-05
651611,0.601413017682554,0.319521450855954,6.56E-05
651612,0.601416462887628,0.31952217785577,6.56E-05
651613,0.601419125563103,0.319516028699414,6.56E-05
651614,0.601421736071219,0.319524422386638,6.56E-05
651615,0.601427742138025,0.319521030287239,6.56E-05
651616,0.601427535823608,0.31951981732934,6.56E-05
651617,0.601432395437389,0.319521696677275,6.56E-05
651618,0.601425534615442,0.319529694397848,6.56E-05
651619,0.601428739114162,0.319524913733339,6.56E-05
651620,0.601431397788253,0.319521875123798,6.56E-05
651621,0.601431092773608,0.319522978214734,6.56E-05
651622,0.601432927230094,0.319523108401569,6.56E-05
651623,0.601431825967851,0.319525864422793,6.56E-05
651624,0.601437140321532,0.319525724495942,6.56E-05
651625,0.601427984908296,0.319528966150541,6.56E-05
651626,0.601440228651255,0.319523520235607,6.56E-05
651627,0.60144709888921,0.319521057131359,6.56E-05
651628,0.601442275103375,0.31952390347017,6.56E-05
651629,0.601444916691364,0.319527171992046,6.56E-05
651630,0.601447275892412,0.319528365040026,6.56E-05
651631,0.601443947193615,0.319533247181413,6.56E-05
651632,0.601447667401456,0.319535215943876,6.56E-05
651633,0.601451824129309,0.31953654120983,6.56E-05
651634,0.60145889806899,0.319541700932233,6.56E-05
651635,0.601463755379067,0.319547732499992,6.56E-05
651636,0.601458501416368,0.31954106751594,6.56E-05
651637,0.601469594341445,0.319543460531793,6.56E-05
651638,0.601466143611925,0.319559276739546,6.56E-05
651639,0.601471297963666,0.319559127933032,6.56E-05
651640,0.601475544525382,0.319572128961465,6.56E-05
651641,0.601478600624605,0.319573936923558,6.56E-05
651642,0.601487026068511,0.319579742206724,6.56E-05
651643,0.601485441941935,0.319589498357217,6.56E-05
651644,0.601501530881504,0.319594068725815,6.56E-05
651645,0.601504602420961,0.319598956906311,6.56E-05
651646,0.601516992018733,0.319608085550211,6.56E-05
651647,0.601516251350027,0.319611719523393,6.56E-05
651648,0.601527024623064,0.319622320249891,6.56E-05
651649,0.601533511531608,0.319629775649957,6.56E-05
651650,0.60154251020162,0.319643689557889,6.56E-05
651651,0.601552556983932,0.319641129005031,6.56E-05
651652,0.601558451419417,0.31965163887255,6.56E-05
651653,0.601573837427418,0.319661494330964,6.56E-05
651654,0.601578301389687,0.319672288785914,6.56E-05
651655,0.601590291850959,0.319675977309039,6.56E-05
651656,0.601600514439532,0.319681303083932,6.56E-05
651657,0.601614442805422,0.319690970648878,6.56E-05
651658,0.601616334479379,0.319700599672759,6.56E-05
651659,0.601623976020458,0.319717236660812,6.56E-05
651660,0.601629425723666,0.319726717293686,6.56E-05
651661,0.601644444271948,0.319725605923333,6.56E-05
651662,0.601646111254869,0.319740989804076,6.56E-05
651663,0.601653210720707,0.319751725632189,6.56E-05
651664,0.601667853767579,0.319763085664195,6.56E-05
651665,0.60167306712643,0.319775784296451,6.56E-05
651666,0.601686836318938,0.319785002259251,6.56E-05
651667,0.601701177970104,0.319783063043545,6.56E-05
651668,0.601707662919015,0.319797990711329,6.56E-05
651669,0.601725923237861,0.319801790088854,6.56E-05
651670,0.601730370710249,0.319814402477323,6.56E-05
651671,0.601737514023647,0.31982918005041,6.56E-05
651672,0.601749935152889,0.319836849671574,6.56E-05
651673,0.601755370192231,0.319844013860092,6.56E-05
651674,0.601764270246176,0.319857698269917,6.57E-05
651675,0.601775155722919,0.319863228009879,6.57E-05
651676,0.601784058413897,0.3198709241035,6.57E-05
651677,0.601794611826568,0.319884568150378,6.57E-05
651678,0.601809120810691,0.319891078813003,6.57E-05
651679,0.601815892345606,0.319906148300875,6.57E-05
651680,0.601824273870371,0.319907757266914,6.57E-05
651681,0.601833626521202,0.319917964043281,6.57E-05
651682,0.601843902844742,0.319934217140072,6.57E-05
651683,0.601847878854373,0.319936085931955,6.57E-05
651684,0.60185212265151,0.319950164351258,6.57E-05
651685,0.601860361221321,0.319968060557915,6.57E-05
651686,0.601866417098921,0.319977994556088,6.57E-05
651687,0.601872169951063,0.319992359416511,6.57E-05
651688,0.601876652193942,0.320003759597963,6.57E-05
651689,0.601887478682691,0.320014474202625,6.57E-05
651690,0.60189055096542,0.320028365391445,6.57E-05
651691,0.601901592106351,0.320044601390764,6.57E-05
651692,0.601908698467874,0.320052947808638,6.57E-05
651693,0.601911527448568,0.32006381290139,6.57E-05
651694,0.601923129862675,0.320072391961353,6.57E-05
651695,0.601924040906206,0.320089784253473,6.57E-05
651696,0.601936320080493,0.320100505250558,6.57E-05
651697,0.601944091768816,0.320109733392326,6.57E-05
651698,0.601947880896653,0.320122387846113,6.57E-05
651699,0.601951555582798,0.32014275087406,6.57E-05
651700,0.60195962740686,0.320150274222316,6.57E-05
651701,0.601967980125271,0.32016420185806,6.57E-05
651702,0.601968782641011,0.320177922320316,6.57E-05
651703,0.601971547954312,0.320183263691195,6.57E-05
651704,0.601976340740264,0.320193620860515,6.57E-05
651705,0.601980785445156,0.320203632907839,6.57E-05
651706,0.601981911421135,0.320212644112965,6.57E-05
651707,0.601979602542337,0.320222374348117,6.58E-05
651708,0.601985825256265,0.320229913889635,6.58E-05
651709,0.601977733652721,0.32023742388571,6.58E-05
651710,0.601984016245528,0.320242909720245,6.58E-05
651711,0.60198325542429,0.320256758468294,6.58E-05
651712,0.601985096383639,0.32026881043343,6.58E-05
651713,0.601980156864946,0.320269279682153,6.58E-05
651714,0.601973807647262,0.320276958606212,6.58E-05
651715,0.601971734060477,0.320291203011605,6.58E-05
651716,0.601964473293976,0.320288401012964,6.58E-05
651717,0.601957476704383,0.320302958683285,6.58E-05
651718,0.601949103730396,0.320314690167532,6.58E-05
651719,0.601940854185103,0.320324926672057,6.58E-05
651720,0.601941733504794,0.320326161659823,6.58E-05
651721,0.601926284731021,0.320339509380159,6.58E-05
651722,0.601918232483599,0.320343778561092,6.58E-05
651723,0.601915987620468,0.320351703295439,6.58E-05
651724,0.60189966779253,0.32035584692557,6.58E-05
651725,0.601898330414671,0.320366943952984,6.58E-05
651726,0.601886488473118,0.320372847508253,6.58E-05
651727,0.601884908989369,0.320380568086597,6.58E-05
651728,0.601883442293877,0.320384268426333,6.58E-05
651729,0.601861275455756,0.320390997389868,6.58E-05
651730,0.601853797953019,0.32039890793537,6.58E-05
651731,0.60184570668255,0.320405491289924,6.58E-05
651732,0.601840971842373,0.320410337560148,6.58E-05
651733,0.601837261993161,0.320413749881718,6.58E-05
651734,0.601827669251021,0.32041827187194,6.58E-05
651735,0.601818378045157,0.320425891335272,6.58E-05
651736,0.601819276025802,0.320424340892481,6.58E-05
651737,0.601818255313861,0.320425404221914,6.58E-05
651738,0.601809362651907,0.320437720824928,6.58E-05
651739,0.6018011957526,0.320446080443584,6.58E-05
651740,0.601798801229856,0.320443028373897,6.58E-05
651741,0.601801028529312,0.320443376256918,6.58E-05
651742,0.601794018400323,0.320447099116547,6.58E-05
651743,0.601794455903804,0.32044881311035,6.58E-05
651744,0.601780616270921,0.32044966874299,6.58E-05
651745,0.601781712520029,0.320448103312551,6.58E-05
651746,0.601771695849839,0.320448838171768,6.58E-05
651747,0.601768383451504,0.320455774234327,6.58E-05
651748,0.601774740287595,0.320441985378288,6.58E-05
651749,0.60176177502571,0.320447117325376,6.58E-05
651750,0.60176148474841,0.320445018182529,6.58E-05
651751,0.601766316809583,0.320438682883216,6.58E-05
651752,0.601758617414932,0.320430616828461,6.58E-05
651753,0.601762965748495,0.320423188374417,6.58E-05
651754,0.601756128461527,0.320423442997921,6.58E-05
651755,0.601753780749922,0.320413160721172,6.58E-05
651756,0.60175122690962,0.320409070899412,6.58E-05
651757,0.60174460812178,0.320404744112716,6.58E-05
651758,0.601747521903609,0.320400288845195,6.58E-05
651759,0.601742558296636,0.320394318153912,6.58E-05
651760,0.601743983049764,0.320388600891237,6.58E-05
651761,0.601743155465958,0.320380696140246,6.58E-05
651762,0.60174227582544,0.320376704287474,6.58E-05
651763,0.601733035307579,0.320370770767935,6.58E-05
651764,0.601730661262992,0.320362906218169,6.58E-05
651765,0.601725226779558,0.32035777991283,6.58E-05
651766,0.601730725100673,0.320352816432217,6.58E-05
651767,0.601726137150396,0.320335268718558,6.58E-05
651768,0.60172749300516,0.320330617740007,6.58E-05
651769,0.601738704400641,0.320319735942996,6.58E-05
651770,0.601746851018757,0.320298647465655,6.58E-05
651771,0.601738457074834,0.320297351605882,6.58E-05
651772,0.601745512542423,0.320281886382016,6.58E-05
651773,0.601749362281864,0.320275344545023,6.58E-05
651774,0.6017512959619,0.320271610593842,6.58E-05
651775,0.601749820281949,0.320265844413708,6.58E-05
651776,0.601760232995763,0.320252781071986,6.58E-05
651777,0.601754464285483,0.320247339063559,6.58E-05
651778,0.601778031845481,0.320232387551597,6.58E-05
651779,0.601774007592822,0.320227438456757,6.58E-05
651780,0.601783095356287,0.320218427210217,6.58E-05
651781,0.601784721252303,0.32021195421127,6.58E-05
